"http://asu.academia.edu/AravindKumarReddyYempada","http://asu.academia.edu/AkarshCholaveti"
"http://asu.academia.edu/AravindKumarReddyYempada","http://independent.academia.edu/NaiduKA"
"http://asu.academia.edu/AravindKumarReddyYempada","http://amity.academia.edu/PrudhviTej"
"http://asu.academia.edu/AravindKumarReddyYempada","http://independent.academia.edu/dilipkumar89"
"http://asu.academia.edu/AravindKumarReddyYempada","http://independent.academia.edu/VijethaReddy"
"http://asu.academia.edu/AravindKumarReddyYempada","https://independent.academia.edu/KrishnaPusuluri"
"http://asu.academia.edu/AravindKumarReddyYempada","http://iitbhu.academia.edu/PramodhKotipalli"
"http://asu.academia.edu/AravindKumarReddyYempada","http://iitm.academia.edu/VENKATARAVIKISHOREKANAMARLAPUDI"
"http://asu.academia.edu/AravindKumarReddyYempada","http://uncc.academia.edu/VinodKumarGone"
"http://asu.academia.edu/AravindKumarReddyYempada","http://iisc.academia.edu/venkateshsasanapuri"
"http://asu.academia.edu/AravindKumarReddyYempada","http://iimcal.academia.edu/chaithanyaPadi"
"http://asu.academia.edu/AravindKumarReddyYempada","http://andhrauniversity.academia.edu/SrikanthVemulakonda"
"http://asu.academia.edu/AkarshCholaveti","http://gitam.academia.edu/Talasila"
"http://asu.academia.edu/AkarshCholaveti","http://bitmesra.academia.edu/pradeep"
"http://asu.academia.edu/AkarshCholaveti","http://independent.academia.edu/AnindyaMaiti"
"http://asu.academia.edu/AkarshCholaveti","http://vit.academia.edu/RuchirPatwa"
"http://asu.academia.edu/AkarshCholaveti","http://vit.academia.edu/BandiSailesh"
"http://asu.academia.edu/AkarshCholaveti","http://vit.academia.edu/yuvrajbeegala"
"http://asu.academia.edu/AkarshCholaveti","http://utdallas.academia.edu/RohitCh"
"http://asu.academia.edu/AkarshCholaveti","http://warwick.academia.edu/AbhinandanBalasubramanian"
"http://asu.academia.edu/AkarshCholaveti","http://independent.academia.edu/KrishnaGanesh"
"http://asu.academia.edu/AkarshCholaveti","http://independent.academia.edu/ReddappaReddy"
"http://asu.academia.edu/AkarshCholaveti","http://vit.academia.edu/HarshLal"
"http://asu.academia.edu/AkarshCholaveti","http://vit.academia.edu/TejaChunduru"
"http://asu.academia.edu/AkarshCholaveti","http://independent.academia.edu/VishnukanthBusetty"
"http://asu.academia.edu/AkarshCholaveti","https://ashokauniversity.academia.edu/VPrasath"
"http://asu.academia.edu/AkarshCholaveti","http://vit.academia.edu/DileeshAluri"
"http://asu.academia.edu/AkarshCholaveti","http://internationalmanagementnewdelhi.academia.edu/ChinmayMadan"
"http://asu.academia.edu/AkarshCholaveti","http://vit.academia.edu/BharathiArun"
"http://asu.academia.edu/AkarshCholaveti","https://bradley.academia.edu/VinodKoralla"
"http://asu.academia.edu/AkarshCholaveti","https://amrita.academia.edu/EswarGantasala"
"http://asu.academia.edu/AkarshCholaveti","http://vit.academia.edu/RaghuRam"
"http://asu.academia.edu/AkarshCholaveti","http://independent.academia.edu/ChintaAnudeep"
"http://asu.academia.edu/AkarshCholaveti","http://vit.academia.edu/LOGESHSRINIVASAN"
"http://asu.academia.edu/AkarshCholaveti","http://independent.academia.edu/ShashankReddy1"
"http://asu.academia.edu/AkarshCholaveti","http://independent.academia.edu/PavanMsd"
"http://asu.academia.edu/AkarshCholaveti","http://annauniv.academia.edu/YellinaSwathi"
"http://asu.academia.edu/AkarshCholaveti","http://virginiainternational.academia.edu/HarshaVardhanReddy"
"http://asu.academia.edu/AkarshCholaveti","http://independent.academia.edu/ArunKodnani"
"http://asu.academia.edu/AkarshCholaveti","http://independent.academia.edu/SinghMohit"
"http://asu.academia.edu/AkarshCholaveti","http://independent.academia.edu/ManuNerella"
"http://asu.academia.edu/AkarshCholaveti","http://independent.academia.edu/ChaitanyaMotla"
"http://asu.academia.edu/AkarshCholaveti","http://independent.academia.edu/VenkataSubramaniam"
"http://asu.academia.edu/AkarshCholaveti","http://iipm.academia.edu/ResuReddy"
"http://asu.academia.edu/AkarshCholaveti","http://independent.academia.edu/SatyaChirravuri"
"http://asu.academia.edu/AkarshCholaveti","http://gitam.academia.edu/ChiranjeeviJanjana"
"http://asu.academia.edu/AkarshCholaveti","http://blogspot.academia.edu/AnirudhGali"
"http://asu.academia.edu/AkarshCholaveti","http://independent.academia.edu/ShaarifZia"
"http://asu.academia.edu/AkarshCholaveti","http://independent.academia.edu/LatikaWadhwani"
"http://asu.academia.edu/AkarshCholaveti","http://independent.academia.edu/RamuPonneganti"
"http://asu.academia.edu/AkarshCholaveti","http://independent.academia.edu/DiwakarChikkala"
"http://asu.academia.edu/AkarshCholaveti","http://independent.academia.edu/SunilReddy13"
"http://asu.academia.edu/AkarshCholaveti","http://independent.academia.edu/KGovindRam"
"http://asu.academia.edu/AkarshCholaveti","http://independent.academia.edu/BadriNath"
"http://asu.academia.edu/AkarshCholaveti","http://asu.academia.edu/AravindKumarReddyYempada"
"http://asu.academia.edu/AkarshCholaveti","http://mg.academia.edu/SantoshTanuku"
"http://asu.academia.edu/AkarshCholaveti","http://andhrauniversity.academia.edu/SrikanthVemulakonda"
"http://asu.academia.edu/AkarshCholaveti","http://independent.academia.edu/TiruNagaRajaVenkat"
"http://asu.academia.edu/AkarshCholaveti","http://independent.academia.edu/NitheshKumar3"
"http://asu.academia.edu/AkarshCholaveti","http://independent.academia.edu/MittalG"
"http://asu.academia.edu/AkarshCholaveti","http://independent.academia.edu/NikhilDevareddy"
"http://asu.academia.edu/AkarshCholaveti","http://independent.academia.edu/kranthisai"
"http://independent.academia.edu/NaiduKA","http://independent.academia.edu/maheshkumar58"
"http://independent.academia.edu/NaiduKA","http://cec.academia.edu/govindvarma"
"http://independent.academia.edu/NaiduKA","http://vit.academia.edu/HimanBayan"
"http://independent.academia.edu/NaiduKA","http://independent.academia.edu/NarasimhaPulagara"
"http://independent.academia.edu/NaiduKA","http://vit.academia.edu/sayakkonar"
"http://independent.academia.edu/NaiduKA","http://independent.academia.edu/JenkinWinston"
"http://independent.academia.edu/NaiduKA","http://iitr-in.academia.edu/ManikBansal"
"http://independent.academia.edu/NaiduKA","http://independent.academia.edu/MuthuKumaran53"
"http://independent.academia.edu/NaiduKA","http://vit.academia.edu/TejEnosh"
"http://independent.academia.edu/NaiduKA","http://gitam.academia.edu/Sandeepkandukuri"
"http://independent.academia.edu/NaiduKA","http://vit.academia.edu/NagarjunR"
"http://independent.academia.edu/NaiduKA","http://independent.academia.edu/SreekanthDamodaran"
"http://independent.academia.edu/NaiduKA","http://lpu.academia.edu/RishiSoni"
"http://independent.academia.edu/NaiduKA","http://independent.academia.edu/JaganKotturu"
"http://independent.academia.edu/NaiduKA","http://independent.academia.edu/GVenkataNageshKumar"
"http://independent.academia.edu/NaiduKA","http://nitkkr-in.academia.edu/AnilBharadwajChivukula"
"http://independent.academia.edu/NaiduKA","http://iitr.academia.edu/HarryBedi"
"http://independent.academia.edu/NaiduKA","http://vit.academia.edu/BadriPanda"
"http://independent.academia.edu/NaiduKA","https://nithamirpur.academia.edu/NagireddyBhanu"
"http://independent.academia.edu/NaiduKA","http://independent.academia.edu/GaneshChand1"
"http://independent.academia.edu/NaiduKA","http://independent.academia.edu/PavanKumar177"
"http://independent.academia.edu/NaiduKA","http://independent.academia.edu/KaranveerDhingra"
"http://independent.academia.edu/NaiduKA","http://independent.academia.edu/RachanaPottem"
"http://independent.academia.edu/NaiduKA","http://independent.academia.edu/ManiRockzcs"
"http://independent.academia.edu/NaiduKA","http://independent.academia.edu/RadhaKrishna41"
"http://independent.academia.edu/NaiduKA","http://vit.academia.edu/SaravanaK"
"http://independent.academia.edu/NaiduKA","http://vit.academia.edu/SSamudrudu"
"http://independent.academia.edu/NaiduKA","http://nitt.academia.edu/DeepakGollu"
"http://independent.academia.edu/NaiduKA","http://independent.academia.edu/RaoPrashanth"
"http://independent.academia.edu/NaiduKA","http://independent.academia.edu/MuhammadAzhar26"
"http://independent.academia.edu/NaiduKA","http://independent.academia.edu/IntuitionHazarika"
"http://independent.academia.edu/NaiduKA","http://independent.academia.edu/ThumatiDeepak"
"http://independent.academia.edu/NaiduKA","http://independent.academia.edu/PrasadDhana"
"http://independent.academia.edu/NaiduKA","http://independent.academia.edu/RavikiranDevarakonda"
"http://independent.academia.edu/NaiduKA","http://independent.academia.edu/RaviKumar479"
"http://independent.academia.edu/NaiduKA","http://independent.academia.edu/TasleemAhmed1"
"http://independent.academia.edu/NaiduKA","http://vit.academia.edu/VasuVasu"
"http://independent.academia.edu/NaiduKA","http://independent.academia.edu/BuddharajuVenkataMouli"
"http://independent.academia.edu/NaiduKA","http://lovely-professional-university.academia.edu/SubrahmanyamTanala"
"http://independent.academia.edu/NaiduKA","http://independent.academia.edu/DaljitSingh5"
"http://independent.academia.edu/NaiduKA","http://asu.academia.edu/AravindKumarReddyYempada"
"http://independent.academia.edu/NaiduKA","http://independent.academia.edu/ManikantaRam"
"http://independent.academia.edu/NaiduKA","http://independent.academia.edu/HariKaranam"
"http://amity.academia.edu/PrudhviTej","http://amity.academia.edu/NanduJith"
"http://amity.academia.edu/PrudhviTej","http://iitbombay.academia.edu/YeshwanthReddy"
"http://amity.academia.edu/PrudhviTej","http://amity.academia.edu/VemuriVamseedhara"
"http://amity.academia.edu/PrudhviTej","http://iiit-h.academia.edu/AnoopKumar"
"http://amity.academia.edu/PrudhviTej","http://independent.academia.edu/PritamPratihari"
"http://amity.academia.edu/PrudhviTej","http://independent.academia.edu/GiriPrasad1"
"http://amity.academia.edu/PrudhviTej","http://iitk.academia.edu/MohitGupta"
"http://amity.academia.edu/PrudhviTej","http://independent.academia.edu/MudeNaik"
"http://amity.academia.edu/PrudhviTej","http://amity.academia.edu/AkhshayBhadwal"
"http://amity.academia.edu/PrudhviTej","http://amity.academia.edu/NayanAgrawal"
"http://amity.academia.edu/PrudhviTej","http://independent.academia.edu/PrasadShyam"
"http://amity.academia.edu/PrudhviTej","http://independent.academia.edu/CrosshatRava"
"http://amity.academia.edu/PrudhviTej","http://amity.academia.edu/%D9%86%D8%B9%D9%8A%D9%85%D8%A7%D9%84%D8%B4%D9%8A%D8%AE"
"http://amity.academia.edu/PrudhviTej","http://amity.academia.edu/VarnitaRana"
"http://amity.academia.edu/PrudhviTej","http://amity.academia.edu/MushfiqSarfaraz"
"http://amity.academia.edu/PrudhviTej","http://independent.academia.edu/SwatiChaudhary"
"http://amity.academia.edu/PrudhviTej","http://amity.academia.edu/SupriyaSushant"
"http://amity.academia.edu/PrudhviTej","http://independent.academia.edu/IswaryaThiyagarajan"
"http://amity.academia.edu/PrudhviTej","http://independent.academia.edu/KshitijGupta2"
"http://amity.academia.edu/PrudhviTej","http://amity.academia.edu/manishtripathi"
"http://amity.academia.edu/PrudhviTej","http://independent.academia.edu/GhoshRimi"
"http://amity.academia.edu/PrudhviTej","http://independent.academia.edu/ManeeshReddy"
"http://amity.academia.edu/PrudhviTej","http://nyu.academia.edu/NvkSatish"
"http://amity.academia.edu/PrudhviTej","http://cuk-in.academia.edu/ShivajiBhandarkar"
"http://amity.academia.edu/PrudhviTej","http://iitr.academia.edu/MahadevuniAmarnath"
"http://amity.academia.edu/PrudhviTej","http://independent.academia.edu/StanleyBoswell"
"http://amity.academia.edu/PrudhviTej","http://kanchiuniv.academia.edu/KrishnaKamalKitti"
"http://amity.academia.edu/PrudhviTej","http://asu.academia.edu/AravindKumarReddyYempada"
"http://amity.academia.edu/PrudhviTej","http://independent.academia.edu/VictorJones1"
"http://amity.academia.edu/PrudhviTej","http://amity.academia.edu/SheetalKumar"
"http://amity.academia.edu/PrudhviTej","http://amity.academia.edu/DeviArchanaDas"
"http://amity.academia.edu/PrudhviTej","http://amity.academia.edu/trivenisyamala"
"http://amity.academia.edu/PrudhviTej","http://kud.academia.edu/dennismiller"
"http://independent.academia.edu/dilipkumar89","http://greatlakes.academia.edu/SubhankarMishra"
"http://independent.academia.edu/dilipkumar89","http://greatlakes.academia.edu/SwaminathanTN"
"http://independent.academia.edu/dilipkumar89","http://greatlakes.academia.edu/RaghupatiJha"
"http://independent.academia.edu/dilipkumar89","http://independent.academia.edu/VarunSrivatsan"
"http://independent.academia.edu/dilipkumar89","http://annauniv.academia.edu/HarishRajagopalan"
"http://independent.academia.edu/dilipkumar89","http://independent.academia.edu/PandeyRitesh"
"http://independent.academia.edu/dilipkumar89","http://independent.academia.edu/SudeshnaPande"
"http://independent.academia.edu/dilipkumar89","http://independent.academia.edu/RaghavIyer"
"http://independent.academia.edu/dilipkumar89","http://independent.academia.edu/RahulBatta"
"http://independent.academia.edu/dilipkumar89","http://independent.academia.edu/Ankit"
"http://independent.academia.edu/dilipkumar89","http://ggsipu.academia.edu/VarunChaturvedi"
"http://independent.academia.edu/dilipkumar89","http://independent.academia.edu/AshishVashisth"
"http://independent.academia.edu/dilipkumar89","http://greatlakes.academia.edu/PankajNegi"
"http://independent.academia.edu/dilipkumar89","http://independent.academia.edu/NikitaRana"
"http://independent.academia.edu/dilipkumar89","http://independent.academia.edu/AshishAgarwal5"
"http://independent.academia.edu/dilipkumar89","http://independent.academia.edu/SarkarAmit"
"http://independent.academia.edu/dilipkumar89","http://independent.academia.edu/ParekhKunal"
"http://independent.academia.edu/dilipkumar89","https://independent.academia.edu/JainIshan"
"http://independent.academia.edu/dilipkumar89","http://ccetvbt.academia.edu/RajanChandi"
"http://independent.academia.edu/dilipkumar89","http://independent.academia.edu/monikasharma14"
"http://independent.academia.edu/dilipkumar89","http://greatlakes.academia.edu/ChandanPalakshaShetty"
"http://independent.academia.edu/dilipkumar89","http://scu.academia.edu/PragneshVajram"
"http://independent.academia.edu/dilipkumar89","http://independent.academia.edu/PunitNema"
"http://independent.academia.edu/dilipkumar89","http://independent.academia.edu/PratikBarjatiya"
"http://independent.academia.edu/dilipkumar89","http://independent.academia.edu/PraveenKumar321"
"http://independent.academia.edu/dilipkumar89","http://independent.academia.edu/BharathKumar173"
"http://independent.academia.edu/dilipkumar89","http://independent.academia.edu/RadhaKrishna41"
"http://independent.academia.edu/dilipkumar89","http://mst.academia.edu/KrishnaN"
"http://independent.academia.edu/dilipkumar89","http://asu.academia.edu/AravindKumarReddyYempada"
"http://independent.academia.edu/dilipkumar89","http://hs-karlsruhe.academia.edu/SriramMaddi"
"http://independent.academia.edu/VijethaReddy","https://ernrt.academia.edu/MaitreyiYellapragada"
"http://independent.academia.edu/VijethaReddy","https://cept.academia.edu/NeelakshiRathore"
"http://independent.academia.edu/VijethaReddy","https://vnit.academia.edu/ShrabanaDas"
"http://independent.academia.edu/VijethaReddy","https://cept.academia.edu/ReeniSamuel"
"http://independent.academia.edu/VijethaReddy","https://independent.academia.edu/KANCHIGUPTA1"
"http://independent.academia.edu/VijethaReddy","http://independent.academia.edu/AciiJournal"
"http://independent.academia.edu/VijethaReddy","https://iitkgp.academia.edu/DivyaChoudhary"
"http://independent.academia.edu/VijethaReddy","http://independent.academia.edu/SAgrawal"
"http://independent.academia.edu/VijethaReddy","https://independent.academia.edu/NithinManakkat"
"http://independent.academia.edu/VijethaReddy","https://iitkgp.academia.edu/IswaryaRam"
"http://independent.academia.edu/VijethaReddy","http://htw-berlin.academia.edu/AparnaAjayan"
"http://independent.academia.edu/VijethaReddy","https://independent.academia.edu/STammewar"
"http://independent.academia.edu/VijethaReddy","https://usc.academia.edu/RohitKondekar"
"http://independent.academia.edu/VijethaReddy","https://independent.academia.edu/ShantanuPandharkar"
"http://independent.academia.edu/VijethaReddy","http://independent.academia.edu/VikramBehera"
"http://independent.academia.edu/VijethaReddy","https://independent.academia.edu/NeeroshaSingh"
"http://independent.academia.edu/VijethaReddy","http://independent.academia.edu/NThorat"
"http://independent.academia.edu/VijethaReddy","https://independent.academia.edu/KhushbooTalanje"
"http://independent.academia.edu/VijethaReddy","http://independent.academia.edu/VishalVashista"
"http://independent.academia.edu/VijethaReddy","https://independent.academia.edu/HarshaSabbati"
"http://independent.academia.edu/VijethaReddy","http://kedarunipune.academia.edu/ShradhaNambiar"
"http://independent.academia.edu/VijethaReddy","http://independent.academia.edu/AllenPrasad"
"http://independent.academia.edu/VijethaReddy","https://ncsu.academia.edu/HariPrasad"
"http://independent.academia.edu/VijethaReddy","https://independent.academia.edu/SuryawanshiSumit"
"http://independent.academia.edu/VijethaReddy","https://independent.academia.edu/CharanThej"
"http://independent.academia.edu/VijethaReddy","https://asu.academia.edu/AravindKumarReddyYempada"
"http://independent.academia.edu/VijethaReddy","http://independent.academia.edu/PriyaBhee"
"https://independent.academia.edu/KrishnaPusuluri","http://independent.academia.edu/JohnNoyce"
"https://independent.academia.edu/KrishnaPusuluri","https://independent.academia.edu/PasquangelaSpissu"
"https://independent.academia.edu/KrishnaPusuluri","http://independent.academia.edu/DevakiGhose"
"https://independent.academia.edu/KrishnaPusuluri","http://iitg-in.academia.edu/ravikiran"
"https://independent.academia.edu/KrishnaPusuluri","http://independent.academia.edu/AdityaBhairi"
"https://independent.academia.edu/KrishnaPusuluri","https://hydrabadu.academia.edu/JalendarCh"
"https://independent.academia.edu/KrishnaPusuluri","https://independent.academia.edu/LasithaPerera"
"https://independent.academia.edu/KrishnaPusuluri","https://independent.academia.edu/CLPatelPatel"
"https://independent.academia.edu/KrishnaPusuluri","http://independent.academia.edu/SomeshKatta"
"https://independent.academia.edu/KrishnaPusuluri","https://independent.academia.edu/SahajiPrathamesh"
"https://independent.academia.edu/KrishnaPusuluri","https://independent.academia.edu/AyyagariNageswaraRao"
"https://independent.academia.edu/KrishnaPusuluri","http://independent.academia.edu/PaoloDIsanto"
"https://independent.academia.edu/KrishnaPusuluri","http://iimcal.academia.edu/chaithanyaPadi"
"https://independent.academia.edu/KrishnaPusuluri","http://asu.academia.edu/AravindKumarReddyYempada"
"https://independent.academia.edu/KrishnaPusuluri","http://isb.academia.edu/sandeepkotha"
"https://independent.academia.edu/KrishnaPusuluri","http://svu-in.academia.edu/AdithyaAvvaru"
"https://independent.academia.edu/KrishnaPusuluri","https://independent.academia.edu/SimhadriKesapragada"
"https://independent.academia.edu/KrishnaPusuluri","https://independent.academia.edu/HiteshKumar1"
"https://independent.academia.edu/KrishnaPusuluri","http://isb.academia.edu/prashantsehgal"
"https://independent.academia.edu/KrishnaPusuluri","http://buruniv.academia.edu/mousumibiswas"
"https://independent.academia.edu/KrishnaPusuluri","http://andimei.academia.edu/behnamdalvand"
"http://iitbhu.academia.edu/PramodhKotipalli","https://independent.academia.edu/SaptarshiBasu4"
"http://iitbhu.academia.edu/PramodhKotipalli","http://cec.academia.edu/govindvarma"
"http://iitbhu.academia.edu/PramodhKotipalli","https://independent.academia.edu/MayurPole"
"http://iitbhu.academia.edu/PramodhKotipalli","https://independent.academia.edu/NavneetSingh11"
"http://iitbhu.academia.edu/PramodhKotipalli","https://iimidr.academia.edu/ChinmayNahar"
"http://iitbhu.academia.edu/PramodhKotipalli","https://iimbangalore.academia.edu/MohdQasim"
"http://iitbhu.academia.edu/PramodhKotipalli","https://iimu.academia.edu/PrateekShukla"
"http://iitbhu.academia.edu/PramodhKotipalli","http://an-in.academia.edu/MayankGuptai"
"http://iitbhu.academia.edu/PramodhKotipalli","https://iimidr.academia.edu/sandeepvemulakonda"
"http://iitbhu.academia.edu/PramodhKotipalli","https://nitt.academia.edu/VarunMe"
"http://iitbhu.academia.edu/PramodhKotipalli","https://wvu.academia.edu/SantoshReddy"
"http://iitbhu.academia.edu/PramodhKotipalli","http://independent.academia.edu/AvinashVarma3"
"http://iitbhu.academia.edu/PramodhKotipalli","https://independent.academia.edu/jobsiit"
"http://iitbhu.academia.edu/PramodhKotipalli","http://iitbhu.academia.edu/PrakharBajpai"
"http://iitbhu.academia.edu/PramodhKotipalli","https://independent.academia.edu/KumarSravanth"
"http://iitbhu.academia.edu/PramodhKotipalli","https://independent.academia.edu/MandalSupriyo"
"http://iitbhu.academia.edu/PramodhKotipalli","https://independent.academia.edu/RadhaKrishna41"
"http://iitbhu.academia.edu/PramodhKotipalli","http://independent.academia.edu/AmrendraKumar10"
"http://iitbhu.academia.edu/PramodhKotipalli","https://independent.academia.edu/AbhijeetAryan"
"http://iitbhu.academia.edu/PramodhKotipalli","https://asu.academia.edu/AravindKumarReddyYempada"
"http://iitbhu.academia.edu/PramodhKotipalli","http://independent.academia.edu/PradeepImmidi"
"http://iitm.academia.edu/VENKATARAVIKISHOREKANAMARLAPUDI","http://bits-goa.academia.edu/VijayKumar"
"http://iitm.academia.edu/VENKATARAVIKISHOREKANAMARLAPUDI","http://iitm.academia.edu/PrashanthDavid"
"http://iitm.academia.edu/VENKATARAVIKISHOREKANAMARLAPUDI","http://kongu.academia.edu/GOBIKARTHICKSUBRAMANIAM"
"http://iitm.academia.edu/VENKATARAVIKISHOREKANAMARLAPUDI","http://independent.academia.edu/EktaKapil"
"http://iitm.academia.edu/VENKATARAVIKISHOREKANAMARLAPUDI","http://nus.academia.edu/KamalaSrinivas"
"http://iitm.academia.edu/VENKATARAVIKISHOREKANAMARLAPUDI","http://iitm.academia.edu/AseemSharma"
"http://iitm.academia.edu/VENKATARAVIKISHOREKANAMARLAPUDI","http://independent.academia.edu/ChenShuaixun"
"http://iitm.academia.edu/VENKATARAVIKISHOREKANAMARLAPUDI","http://nanyang.academia.edu/ThomasJohn"
"http://iitm.academia.edu/VENKATARAVIKISHOREKANAMARLAPUDI","http://independent.academia.edu/SachinVashistha"
"http://iitm.academia.edu/VENKATARAVIKISHOREKANAMARLAPUDI","http://uakron.academia.edu/HariPrasadAmbaripeta"
"http://iitm.academia.edu/VENKATARAVIKISHOREKANAMARLAPUDI","http://independent.academia.edu/TianZhang5"
"http://iitm.academia.edu/VENKATARAVIKISHOREKANAMARLAPUDI","http://nanyang.academia.edu/KuantakTan"
"http://iitm.academia.edu/VENKATARAVIKISHOREKANAMARLAPUDI","http://asu.academia.edu/AravindKumarReddyYempada"
"http://iitm.academia.edu/VENKATARAVIKISHOREKANAMARLAPUDI","http://jntua.academia.edu/KalaBandi"
"http://iitm.academia.edu/VENKATARAVIKISHOREKANAMARLAPUDI","http://iitm.academia.edu/SreeSubikshaReshikeshan"
"http://iitm.academia.edu/VENKATARAVIKISHOREKANAMARLAPUDI","http://iitm.academia.edu/ArunJebabooshan"
"http://iitm.academia.edu/VENKATARAVIKISHOREKANAMARLAPUDI","http://vut.academia.edu/BoipeloMacucwa"
"http://iitm.academia.edu/VENKATARAVIKISHOREKANAMARLAPUDI","http://iitm.academia.edu/PradeepKotipalli"
"http://uncc.academia.edu/VinodKumarGone","http://independent.academia.edu/KonetiJagadish"
"http://uncc.academia.edu/VinodKumarGone","http://amrita.academia.edu/KrishnaChaitanyaNidumolu"
"http://uncc.academia.edu/VinodKumarGone","http://independent.academia.edu/KVelaga"
"http://uncc.academia.edu/VinodKumarGone","http://independent.academia.edu/SandeepTangirala"
"http://uncc.academia.edu/VinodKumarGone","http://amrita.academia.edu/NavneethShashank"
"http://uncc.academia.edu/VinodKumarGone","http://florida.academia.edu/SantoshMadiraju"
"http://uncc.academia.edu/VinodKumarGone","http://iupui.academia.edu/BhargavAnand"
"http://uncc.academia.edu/VinodKumarGone","http://amrita.academia.edu/SravanBharadwaja"
"http://uncc.academia.edu/VinodKumarGone","http://srmuniv.academia.edu/GopiKrishna"
"http://uncc.academia.edu/VinodKumarGone","http://amrita.academia.edu/sridharankrishnan"
"http://uncc.academia.edu/VinodKumarGone","http://tamucc.academia.edu/RahulBethi"
"http://uncc.academia.edu/VinodKumarGone","http://amrita.academia.edu/konda989"
"http://uncc.academia.edu/VinodKumarGone","http://amrita.academia.edu/SandeepBoyina"
"http://uncc.academia.edu/VinodKumarGone","http://independent.academia.edu/HarishKrishna"
"http://uncc.academia.edu/VinodKumarGone","http://amrita.academia.edu/RahulMaddikunta"
"http://uncc.academia.edu/VinodKumarGone","http://asu.academia.edu/AravindKumarReddyYempada"
"http://iisc.academia.edu/venkateshsasanapuri","http://uci.academia.edu/SwathiPulligilla"
"http://iisc.academia.edu/venkateshsasanapuri","http://independent.academia.edu/KrishnaVinayGembali"
"http://iisc.academia.edu/venkateshsasanapuri","https://independent.academia.edu/ShwetankMistry"
"http://iisc.academia.edu/venkateshsasanapuri","http://independent.academia.edu/RajaTumburu"
"http://iisc.academia.edu/venkateshsasanapuri","https://iitg-in.academia.edu/satyakumarvankayala"
"http://iisc.academia.edu/venkateshsasanapuri","https://iitd.academia.edu/MohanRao"
"http://iisc.academia.edu/venkateshsasanapuri","https://nitt.academia.edu/AshokBandi"
"http://iisc.academia.edu/venkateshsasanapuri","https://asu.academia.edu/AravindKumarReddyYempada"
"http://iisc.academia.edu/venkateshsasanapuri","http://independent.academia.edu/JagadeeshGudla"
"http://iisc.academia.edu/venkateshsasanapuri","http://independent.academia.edu/AshokNimmala"
"http://iisc.academia.edu/venkateshsasanapuri","https://jntuh.academia.edu/SrinathGoud"
"http://iisc.academia.edu/venkateshsasanapuri","http://jntuhceh.academia.edu/UdayKumar"
"http://iisc.academia.edu/venkateshsasanapuri","https://cvr.academia.edu/rajeevkallempudi"
"http://iisc.academia.edu/venkateshsasanapuri","https://iisc.academia.edu/NikhilVidhani"
"http://iisc.academia.edu/venkateshsasanapuri","https://iisc.academia.edu/renujose"
"http://iimcal.academia.edu/chaithanyaPadi","http://iimcal.academia.edu/ArpitVerma"
"http://iimcal.academia.edu/chaithanyaPadi","http://fms.academia.edu/TulasiBoddeti"
"http://iimcal.academia.edu/chaithanyaPadi","http://independent.academia.edu/FelixManojh"
"http://iimcal.academia.edu/chaithanyaPadi","http://iimcal.academia.edu/FrancisMinz"
"http://iimcal.academia.edu/chaithanyaPadi","http://independent.academia.edu/GowthamNagadutt"
"http://iimcal.academia.edu/chaithanyaPadi","http://iimcal.academia.edu/PRADEEPKUMARPOLISETTY"
"http://iimcal.academia.edu/chaithanyaPadi","http://mona-uwi.academia.edu/ChinmayaNatarajan"
"http://iimcal.academia.edu/chaithanyaPadi","http://independent.academia.edu/KrishnaPusuluri"
"http://iimcal.academia.edu/chaithanyaPadi","http://independent.academia.edu/TejBharath"
"http://iimcal.academia.edu/chaithanyaPadi","http://iitd.academia.edu/MohanRao"
"http://iimcal.academia.edu/chaithanyaPadi","http://asu.academia.edu/AravindKumarReddyYempada"
"http://iimcal.academia.edu/chaithanyaPadi","http://cvr.academia.edu/SreekanthAchary"
"http://iimcal.academia.edu/chaithanyaPadi","http://iimcal.academia.edu/KK"
"http://iimcal.academia.edu/chaithanyaPadi","http://iimcal.academia.edu/RidhiAgarwal"
"http://andhrauniversity.academia.edu/SrikanthVemulakonda","http://spjimr.academia.edu/SandeepBotcha"
"http://andhrauniversity.academia.edu/SrikanthVemulakonda","http://asu.academia.edu/AkarshCholaveti"
"http://andhrauniversity.academia.edu/SrikanthVemulakonda","http://independent.academia.edu/SumaPemmaraju"
"http://andhrauniversity.academia.edu/SrikanthVemulakonda","http://independent.academia.edu/SurbhiAggarwal7"
"http://andhrauniversity.academia.edu/SrikanthVemulakonda","http://amie.academia.edu/ChandraSekharMarisetti"
"http://andhrauniversity.academia.edu/SrikanthVemulakonda","http://independent.academia.edu/RavitejaVemulakonda"
"http://andhrauniversity.academia.edu/SrikanthVemulakonda","http://independent.academia.edu/CharanThej"
"http://andhrauniversity.academia.edu/SrikanthVemulakonda","http://asu.academia.edu/AravindKumarReddyYempada"
"http://andhrauniversity.academia.edu/SrikanthVemulakonda","http://kiit.academia.edu/PawanSingh"
"http://andhrauniversity.academia.edu/SrikanthVemulakonda","http://pondiuni.academia.edu/TarunVemulakonda"
"http://gitam.academia.edu/Talasila","http://independent.academia.edu/SushmitaDas2"
"http://gitam.academia.edu/Talasila","https://ltu-se.academia.edu/SanjaySrikanthNekkanti"
"http://gitam.academia.edu/Talasila","https://iitbhui.academia.edu/RutujaChhajed"
"http://gitam.academia.edu/Talasila","http://vnit.academia.edu/sachinadusumilli"
"http://gitam.academia.edu/Talasila","https://edhec.academia.edu/LucieArgelies"
"http://gitam.academia.edu/Talasila","https://gitam.academia.edu/RVarma"
"http://gitam.academia.edu/Talasila","https://nitw.academia.edu/prudhvipotuganti"
"http://gitam.academia.edu/Talasila","https://independent.academia.edu/ZechaNovianti"
"http://gitam.academia.edu/Talasila","https://andhrauniversity.academia.edu/srinivasnagmandali"
"http://gitam.academia.edu/Talasila","https://independent.academia.edu/SushmaRao3"
"http://gitam.academia.edu/Talasila","https://independent.academia.edu/LeelaYanamaddi"
"http://gitam.academia.edu/Talasila","https://gitam.academia.edu/jigneshtalasila"
"http://gitam.academia.edu/Talasila","https://independent.academia.edu/SrinivasaRaoGampa"
"http://gitam.academia.edu/Talasila","https://independent.academia.edu/ManikandanSivaramakrishnan"
"http://gitam.academia.edu/Talasila","https://independent.academia.edu/BidishaKalita"
"http://gitam.academia.edu/Talasila","http://andhrauniversity.academia.edu/RaviKanthReddySathi"
"http://gitam.academia.edu/Talasila","https://independent.academia.edu/ManojBobba"
"http://gitam.academia.edu/Talasila","http://azimpremjiuniversity.academia.edu/VikashMadduri"
"http://gitam.academia.edu/Talasila","https://iiit-h.academia.edu/SrutiRallapalli"
"http://gitam.academia.edu/Talasila","//teriuniversity.academia.edu/KoushikYanamandram"
"http://gitam.academia.edu/Talasila","http://independent.academia.edu/NALLAPANENIMANOJKUMAR"
"http://gitam.academia.edu/Talasila","https://independent.academia.edu/ravijha7"
"http://gitam.academia.edu/Talasila","https://iiit-h.academia.edu/HarishMudimela"
"http://gitam.academia.edu/Talasila","http://rsm.academia.edu/AdityaPutta"
"http://gitam.academia.edu/Talasila","http://independent.academia.edu/SaiSarathBabu"
"http://gitam.academia.edu/Talasila","https://independent.academia.edu/SaitejaMalyala"
"http://gitam.academia.edu/Talasila","https://viaforensics.academia.edu/HKumra"
"http://gitam.academia.edu/Talasila","http://kluniversity.academia.edu/BvSatish"
"http://gitam.academia.edu/Talasila","https://independent.academia.edu/AbhishekPradhan8"
"http://gitam.academia.edu/Talasila","https://independent.academia.edu/PrithaKhetan"
"http://gitam.academia.edu/Talasila","https://nalsar.academia.edu/VensyKrishna"
"http://gitam.academia.edu/Talasila","https://independent.academia.edu/AnishReddy"
"http://gitam.academia.edu/Talasila","https://independent.academia.edu/RajKiran31"
"http://gitam.academia.edu/Talasila","http://independent.academia.edu/VaibhavManchala"
"http://gitam.academia.edu/Talasila","https://independent.academia.edu/AnuragSam"
"http://gitam.academia.edu/Talasila","http://independent.academia.edu/GauravSinghal1"
"http://gitam.academia.edu/Talasila","https://tiss.academia.edu/RajuKendre"
"http://gitam.academia.edu/Talasila","http://independent.academia.edu/RupakSom"
"http://gitam.academia.edu/Talasila","https://utah.academia.edu/AKishanSupreet"
"http://gitam.academia.edu/Talasila","https://gitam.academia.edu/SrujanaKalluru"
"http://gitam.academia.edu/Talasila","https://independent.academia.edu/MaheshAkhil"
"http://gitam.academia.edu/Talasila","https://gitam.academia.edu/SrikarMutnuri"
"http://gitam.academia.edu/Talasila","https://independent.academia.edu/AdarshKumar3"
"http://gitam.academia.edu/Talasila","https://gitam.academia.edu/AlekhyaAdabala"
"http://gitam.academia.edu/Talasila","https://independent.academia.edu/PavanAddepalli"
"http://gitam.academia.edu/Talasila","https://gitam.academia.edu/AjayKontham"
"http://gitam.academia.edu/Talasila","https://gitam.academia.edu/DrBallaSrinivasaPrasad"
"http://gitam.academia.edu/Talasila","//jnu.academia.edu/SheikhFAhmad"
"http://gitam.academia.edu/Talasila","https://independent.academia.edu/ShariqSa"
"http://gitam.academia.edu/Talasila","https://vit.academia.edu/RoopeshEnamadiSetty"
"http://gitam.academia.edu/Talasila","http://asu.academia.edu/AkarshCholaveti"
"http://gitam.academia.edu/Talasila","https://independent.academia.edu/RakshithReddy"
"http://gitam.academia.edu/Talasila","http://na-na.academia.edu/SriHarsha"
"http://gitam.academia.edu/Talasila","https://troy.academia.edu/SunielPasupuleti"
"http://gitam.academia.edu/Talasila","https://gitam.academia.edu/KumarPradeep"
"http://gitam.academia.edu/Talasila","https://gitam.academia.edu/sandeepvarma"
"http://gitam.academia.edu/Talasila","https://independent.academia.edu/SantoshChowdary"
"http://gitam.academia.edu/Talasila","https://gitam.academia.edu/SudhaBala"
"http://gitam.academia.edu/Talasila","http://independent.academia.edu/AneesM"
"http://gitam.academia.edu/Talasila","https://iitd.academia.edu/AnoopKumarAgarwal"
"http://gitam.academia.edu/Talasila","https://independent.academia.edu/ShrimantChakrabarti"
"http://gitam.academia.edu/Talasila","https://lovely-professional-university.academia.edu/NikhilAryan"
"http://gitam.academia.edu/Talasila","http://sikkimuniversity.academia.edu/dawasherpa"
"http://gitam.academia.edu/Talasila","https://independent.academia.edu/RuthvikPriyatham"
"http://gitam.academia.edu/Talasila","https://gitam.academia.edu/ShyamTenali"
"http://gitam.academia.edu/Talasila","https://gitam.academia.edu/SaiBharadwaj"
"http://gitam.academia.edu/Talasila","http://gitam.academia.edu/SandeepGonti"
"http://gitam.academia.edu/Talasila","https://independent.academia.edu/VishwanathSai"
"http://gitam.academia.edu/Talasila","//gitam.academia.edu/BSNMUrthy"
"http://gitam.academia.edu/Talasila","https://independent.academia.edu/VinodKumarChowdaryAlluri"
"http://gitam.academia.edu/Talasila","https://gitam.academia.edu/MalleshwaraPrasad"
"http://gitam.academia.edu/Talasila","http://independent.academia.edu/SandeepParupudi"
"http://gitam.academia.edu/Talasila","https://independent.academia.edu/ChintaAnudeep"
"http://gitam.academia.edu/Talasila","https://gitam.academia.edu/asrsmunna"
"http://gitam.academia.edu/Talasila","https://independent.academia.edu/AbhiramSridhara"
"http://gitam.academia.edu/Talasila","https://iiit.academia.edu/RavitejaKoneru"
"http://gitam.academia.edu/Talasila","http://independent.academia.edu/MaheshReddy27"
"http://gitam.academia.edu/Talasila","https://gitam.academia.edu/SandeepNanduri"
"http://gitam.academia.edu/Talasila","https://independent.academia.edu/SakthiVisalakshi"
"http://gitam.academia.edu/Talasila","https://independent.academia.edu/ThrivikramLycan"
"http://gitam.academia.edu/Talasila","https://gitam.academia.edu/RajPraneethKnvm"
"http://gitam.academia.edu/Talasila","https://independent.academia.edu/VikasNerella"
"http://gitam.academia.edu/Talasila","https://independent.academia.edu/RishikRaavi"
"http://gitam.academia.edu/Talasila","https://independent.academia.edu/PsRohith"
"http://gitam.academia.edu/Talasila","http://uh.academia.edu/RudraPratap"
"http://gitam.academia.edu/Talasila","https://wright.academia.edu/PraneethReddy"
"http://gitam.academia.edu/Talasila","http://gitam.academia.edu/likhithakatikeneni"
"http://gitam.academia.edu/Talasila","https://independent.academia.edu/UmeshTalasila"
"http://gitam.academia.edu/Talasila","http://independent.academia.edu/PiyushAgarwal11"
"http://gitam.academia.edu/Talasila","https://independent.academia.edu/PreetiSingh60"
"http://gitam.academia.edu/Talasila","https://independent.academia.edu/KalyanSrinivas1"
"http://gitam.academia.edu/Talasila","https://independent.academia.edu/PrashantSARA"
"http://gitam.academia.edu/Talasila","http://independent.academia.edu/BennyBen"
"http://gitam.academia.edu/Talasila","https://independent.academia.edu/NishanthChowdary"
"http://gitam.academia.edu/Talasila","https://independent.academia.edu/SamanthChintalapudi"
"http://gitam.academia.edu/Talasila","https://independent.academia.edu/RakeshPrasanna"
"http://gitam.academia.edu/Talasila","https://ssims.academia.edu/KumarPasala"
"http://gitam.academia.edu/Talasila","https://uncc.academia.edu/BhargavReddy"
"http://gitam.academia.edu/Talasila","http://bits-pilani.academia.edu/SnMounika"
"http://gitam.academia.edu/Talasila","https://independent.academia.edu/SaiBhargavKanagala"
"http://gitam.academia.edu/Talasila","https://ipeindia.academia.edu/RameshBilla"
"http://gitam.academia.edu/Talasila","https://independent.academia.edu/MhSivakrishna"
"http://gitam.academia.edu/Talasila","https://gitam.academia.edu/keerthireddy"
"http://gitam.academia.edu/Talasila","http://independent.academia.edu/SandeepAchanta"
"http://gitam.academia.edu/Talasila","http://independent.academia.edu/PandeyNitesh"
"http://gitam.academia.edu/Talasila","https://independent.academia.edu/AlokMisra1"
"http://gitam.academia.edu/Talasila","http://independent.academia.edu/VamsiViswanadha"
"http://gitam.academia.edu/Talasila","https://independent.academia.edu/RoopaLahariKalluri"
"http://gitam.academia.edu/Talasila","https://independent.academia.edu/TummalapalliYateendra"
"http://gitam.academia.edu/Talasila","https://vit.academia.edu/SampathKumar"
"http://gitam.academia.edu/Talasila","https://coep.academia.edu/AniketPatole"
"http://gitam.academia.edu/Talasila","http://independent.academia.edu/SaiAnanthnagKanchinadham"
"http://gitam.academia.edu/Talasila","http://independent.academia.edu/RevanthReddy4"
"http://gitam.academia.edu/Talasila","https://gitam.academia.edu/SukhneetKaur"
"http://gitam.academia.edu/Talasila","https://independent.academia.edu/PvAnirudh"
"http://gitam.academia.edu/Talasila","http://independent.academia.edu/ManmohanPrakash"
"http://gitam.academia.edu/Talasila","https://independent.academia.edu/SharukhKhan15"
"http://gitam.academia.edu/Talasila","http://independent.academia.edu/SharathBabuGunturu"
"http://gitam.academia.edu/Talasila","https://independent.academia.edu/RavikiranAamAadmi"
"http://gitam.academia.edu/Talasila","http://grenoble-em.academia.edu/AneakPrashasth"
"http://gitam.academia.edu/Talasila","https://independent.academia.edu/AkhileshArnepalli"
"http://gitam.academia.edu/Talasila","https://gitam.academia.edu/KashyapKss"
"http://gitam.academia.edu/Talasila","http://independent.academia.edu/PrudhviGurram"
"http://gitam.academia.edu/Talasila","https://independent.academia.edu/dedeepyapillala"
"http://gitam.academia.edu/Talasila","http://independent.academia.edu/DasaradhCherukuri"
"http://gitam.academia.edu/Talasila","https://independent.academia.edu/GouthamNarayan"
"http://gitam.academia.edu/Talasila","http://andhrauniversity.academia.edu/SravyaK"
"http://gitam.academia.edu/Talasila","https://independent.academia.edu/WaVish"
"http://gitam.academia.edu/Talasila","https://independent.academia.edu/ImranKhan556"
"http://gitam.academia.edu/Talasila","http://nitk.academia.edu/RaviKiran"
"http://gitam.academia.edu/Talasila","https://independent.academia.edu/SatyaChandu"
"http://gitam.academia.edu/Talasila","https://independent.academia.edu/MayurKurhade"
"http://gitam.academia.edu/Talasila","https://gitam.academia.edu/ShivaNandh"
"http://gitam.academia.edu/Talasila","https://independent.academia.edu/KoushikReddy9"
"http://gitam.academia.edu/Talasila","http://independent.academia.edu/SaiChandu1"
"http://gitam.academia.edu/Talasila","http://independent.academia.edu/DeepakRam4"
"http://gitam.academia.edu/Talasila","http://independent.academia.edu/ManognaRaj"
"http://gitam.academia.edu/Talasila","https://independent.academia.edu/SLSrikanth"
"http://gitam.academia.edu/Talasila","https://independent.academia.edu/HarshaDeep1"
"http://gitam.academia.edu/Talasila","https://gitam.academia.edu/ARafa"
"http://gitam.academia.edu/Talasila","https://independent.academia.edu/ManiTDeep"
"http://gitam.academia.edu/Talasila","https://gitam.academia.edu/NukalaSaiRajMahesh"
"http://gitam.academia.edu/Talasila","https://independent.academia.edu/NikhilVuppeay"
"http://gitam.academia.edu/Talasila","http://independent.academia.edu/KameshwarChembrolu"
"http://gitam.academia.edu/Talasila","http://gitam.academia.edu/MeghanaDevulapalli"
"http://gitam.academia.edu/Talasila","http://gitam.academia.edu/ManojkantChalla"
"http://gitam.academia.edu/Talasila","https://gitam.academia.edu/RoopeshReddyAnreddy"
"http://gitam.academia.edu/Talasila","https://independent.academia.edu/PvvskChandra"
"http://gitam.academia.edu/Talasila","http://gitam.academia.edu/HemanthaPendyala"
"http://gitam.academia.edu/Talasila","https://independent.academia.edu/ChandrasekharPolavarapu"
"http://gitam.academia.edu/Talasila","https://independent.academia.edu/NarlaRohan"
"http://gitam.academia.edu/Talasila","https://independent.academia.edu/TharunManchika"
"http://gitam.academia.edu/Talasila","https://independent.academia.edu/ChaitanyaDadhich"
"http://gitam.academia.edu/Talasila","https://niu.academia.edu/MuraliSriram"
"http://gitam.academia.edu/Talasila","https://independent.academia.edu/SujithReddy1"
"http://gitam.academia.edu/Talasila","https://independent.academia.edu/SriHari"
"http://gitam.academia.edu/Talasila","http://aalto-fi.academia.edu/sujilkodathoor"
"http://gitam.academia.edu/Talasila","https://independent.academia.edu/MrinalGaurav"
"http://gitam.academia.edu/Talasila","http://independent.academia.edu/DiwanshuBhutani"
"http://gitam.academia.edu/Talasila","https://uepg.academia.edu/RaisaJorge"
"http://gitam.academia.edu/Talasila","https://independent.academia.edu/PavanTejaNaguluri"
"http://gitam.academia.edu/Talasila","https://gitam.academia.edu/AkhilPothula"
"http://gitam.academia.edu/Talasila","https://independent.academia.edu/PruthviBhaskar"
"http://gitam.academia.edu/Talasila","https://gitam.academia.edu/RaghuPappala"
"http://gitam.academia.edu/Talasila","http://independent.academia.edu/PurushothamBaskarla"
"http://gitam.academia.edu/Talasila","http://independent.academia.edu/EswaraVeeraBhadraTummala"
"http://gitam.academia.edu/Talasila","https://gitam.academia.edu/VikasCh"
"http://gitam.academia.edu/Talasila","https://independent.academia.edu/SantoshGurijala"
"http://gitam.academia.edu/Talasila","http://independent.academia.edu/akhiltadala"
"http://gitam.academia.edu/Talasila","https://independent.academia.edu/AbhishekSanjapogu"
"http://gitam.academia.edu/Talasila","https://osmania.academia.edu/RamanaKandanulu"
"http://gitam.academia.edu/Talasila","https://vignanuniversity.academia.edu/AmbareeshJonnavittula"
"http://gitam.academia.edu/Talasila","https://gitam.academia.edu/BhargavChunduru"
"http://gitam.academia.edu/Talasila","http://independent.academia.edu/RushikeshGanne"
"http://gitam.academia.edu/Talasila","https://independent.academia.edu/RaviVarma11"
"http://gitam.academia.edu/Talasila","https://independent.academia.edu/BajiSharian"
"http://gitam.academia.edu/Talasila","http://gitam.academia.edu/ChiranjeeviJanjana"
"http://gitam.academia.edu/Talasila","http://gitam.academia.edu/SagarKumar"
"http://gitam.academia.edu/Talasila","https://cutm.academia.edu/KrantadarshiPanigrahi"
"http://gitam.academia.edu/Talasila","https://independent.academia.edu/ShreemanSahu"
"http://gitam.academia.edu/Talasila","http://independent.academia.edu/KbvSubrahmanyam"
"http://gitam.academia.edu/Talasila","https://gitam.academia.edu/VajjaGopal"
"http://gitam.academia.edu/Talasila","https://independent.academia.edu/PrithviSahukar"
"http://gitam.academia.edu/Talasila","https://umich.academia.edu/VivekRaju"
"http://gitam.academia.edu/Talasila","https://independent.academia.edu/RahulShrivastava17"
"http://gitam.academia.edu/Talasila","http://independent.academia.edu/WasifAhmedZubair"
"http://gitam.academia.edu/Talasila","https://independent.academia.edu/SudheerChowdari"
"http://gitam.academia.edu/Talasila","http://cbmc.academia.edu/Syed_ShaneRaza"
"http://gitam.academia.edu/Talasila","https://independent.academia.edu/BharathBabu3"
"http://gitam.academia.edu/Talasila","http://independent.academia.edu/KavuriSairam"
"http://gitam.academia.edu/Talasila","https://gitam.academia.edu/AlekhyaVakulabharanam"
"http://gitam.academia.edu/Talasila","https://umn-d.academia.edu/VidyaAttivilli"
"http://gitam.academia.edu/Talasila","http://gitam.academia.edu/AparajithaVaranasi"
"http://gitam.academia.edu/Talasila","https://independent.academia.edu/MounikaJayachandra"
"http://gitam.academia.edu/Talasila","http://wright.academia.edu/tejaspandanajosyula"
"http://gitam.academia.edu/Talasila","https://independent.academia.edu/SaiChebiyyam"
"http://gitam.academia.edu/Talasila","http://gitam.academia.edu/SivaPrasad"
"http://gitam.academia.edu/Talasila","https://gitam.academia.edu/KonidinaMounaChandra"
"http://gitam.academia.edu/Talasila","http://independent.academia.edu/PoojithaRudraraju"
"http://gitam.academia.edu/Talasila","https://independent.academia.edu/RakeshKonda"
"http://gitam.academia.edu/Talasila","https://independent.academia.edu/PriyaPinky6"
"http://gitam.academia.edu/Talasila","https://independent.academia.edu/VenkatBudarapu"
"http://gitam.academia.edu/Talasila","http://independent.academia.edu/SBist"
"http://gitam.academia.edu/Talasila","https://independent.academia.edu/ChandraSekharAkkapeddi"
"http://gitam.academia.edu/Talasila","http://independent.academia.edu/BhanuKiran4"
"http://gitam.academia.edu/Talasila","http://gitam.academia.edu/SimhachalamPanduri"
"http://gitam.academia.edu/Talasila","https://independent.academia.edu/RaviKumar199"
"http://gitam.academia.edu/Talasila","https://gitam.academia.edu/TarakaRamaRaviTeja"
"http://gitam.academia.edu/Talasila","https://independent.academia.edu/ManishMatter"
"http://gitam.academia.edu/Talasila","http://gitam.academia.edu/SahajSunny"
"http://gitam.academia.edu/Talasila","http://independent.academia.edu/Aman%C3%9FUniq"
"http://gitam.academia.edu/Talasila","https://independent.academia.edu/ChandniGupta"
"http://gitam.academia.edu/Talasila","https://independent.academia.edu/GokulSrikanth"
"http://gitam.academia.edu/Talasila","https://independent.academia.edu/KarunNuthalapati"
"http://gitam.academia.edu/Talasila","http://independent.academia.edu/SudhakarReddy19"
"http://gitam.academia.edu/Talasila","http://independent.academia.edu/PradeepKumar204"
"http://gitam.academia.edu/Talasila","https://independent.academia.edu/NarendraBabu23"
"http://gitam.academia.edu/Talasila","https://independent.academia.edu/SarathChandraMandapati"
"http://gitam.academia.edu/Talasila","https://independent.academia.edu/KartikJandhyala"
"http://gitam.academia.edu/Talasila","https://bradley.academia.edu/AnishSriram"
"http://gitam.academia.edu/Talasila","http://independent.academia.edu/JignyasSiripurapu"
"http://gitam.academia.edu/Talasila","https://independent.academia.edu/SiddanathiPraveen"
"http://gitam.academia.edu/Talasila","http://independent.academia.edu/ChandraSekharNavari"
"http://gitam.academia.edu/Talasila","https://independent.academia.edu/ShaneGottada"
"http://gitam.academia.edu/Talasila","https://independent.academia.edu/AnnuAravind"
"http://gitam.academia.edu/Talasila","https://independent.academia.edu/PurushothamBalireddi"
"http://gitam.academia.edu/Talasila","https://independent.academia.edu/KrishnaKrish16"
"http://gitam.academia.edu/Talasila","https://icai.academia.edu/DeepthiChowdary"
"http://gitam.academia.edu/Talasila","https://independent.academia.edu/SriRavindra"
"http://gitam.academia.edu/Talasila","https://independent.academia.edu/VikkiBagadi"
"http://gitam.academia.edu/Talasila","//gitam.academia.edu/pradyumnasaripalli"
"http://gitam.academia.edu/Talasila","http://nitw.academia.edu/VaibhavAwachat"
"http://gitam.academia.edu/Talasila","https://independent.academia.edu/VagdeviChowdary"
"http://bitmesra.academia.edu/pradeep","http://ntupk.academia.edu/ShoaibArif"
"http://bitmesra.academia.edu/pradeep","http://manipal.academia.edu/mthakur"
"http://bitmesra.academia.edu/pradeep","http://independent.academia.edu/KrisHaamer"
"http://bitmesra.academia.edu/pradeep","http://its.academia.edu/AfthonIlmanHudaIsyfi"
"http://bitmesra.academia.edu/pradeep","http://theinstituteofengineeringeducation.academia.edu/TIOEE"
"http://bitmesra.academia.edu/pradeep","http://indianveterinaryresearch.academia.edu/DrMdMoinAnsari"
"http://bitmesra.academia.edu/pradeep","http://bitmesra.academia.edu/AvinashDas"
"http://bitmesra.academia.edu/pradeep","http://wub.academia.edu/MdAfsarUddinRafi"
"http://bitmesra.academia.edu/pradeep","http://independent.academia.edu/BagusHjihad"
"http://bitmesra.academia.edu/pradeep","http://du-in.academia.edu/ArjunGoyal"
"http://bitmesra.academia.edu/pradeep","http://iitm.academia.edu/prongs"
"http://bitmesra.academia.edu/pradeep","http://bitmesra.academia.edu/ayasranjan"
"http://bitmesra.academia.edu/pradeep","http://independent.academia.edu/MeijJournal"
"http://bitmesra.academia.edu/pradeep","http://bitmesra.academia.edu/AbhishekSharma"
"http://bitmesra.academia.edu/pradeep","http://independent.academia.edu/ELKabiraELMjabber"
"http://bitmesra.academia.edu/pradeep","http://utdallas.academia.edu/RohitCh"
"http://bitmesra.academia.edu/pradeep","http://bitmesra.academia.edu/MatthewKuruvilla"
"http://bitmesra.academia.edu/pradeep","http://independent.academia.edu/ShramanaMandal"
"http://bitmesra.academia.edu/pradeep","http://bitmesra.academia.edu/PranayVimal"
"http://bitmesra.academia.edu/pradeep","http://bitmesra.academia.edu/GulshanKumarDhurve"
"http://bitmesra.academia.edu/pradeep","http://bitmesra.academia.edu/AnandGautam"
"http://bitmesra.academia.edu/pradeep","http://bitmesra.academia.edu/kaushikreddyJANGA"
"http://bitmesra.academia.edu/pradeep","http://independent.academia.edu/NatalyaStefanides"
"http://bitmesra.academia.edu/pradeep","http://independent.academia.edu/MarioAcosta"
"http://bitmesra.academia.edu/pradeep","http://nitdp.academia.edu/SandhyaN"
"http://bitmesra.academia.edu/pradeep","http://bitmesra.academia.edu/ajayvarma"
"http://bitmesra.academia.edu/pradeep","http://bitmesra.academia.edu/AnirbanChakraborty"
"http://bitmesra.academia.edu/pradeep","http://ansu-edu.academia.edu/IfeanyichukwuUOnyenanu"
"http://bitmesra.academia.edu/pradeep","http://t.academia.edu/NeeharikaNice"
"http://bitmesra.academia.edu/pradeep","http://bitmesra.academia.edu/DeepParikh"
"http://bitmesra.academia.edu/pradeep","http://auttvl.academia.edu/DhineshPanneer"
"http://bitmesra.academia.edu/pradeep","http://gitam.academia.edu/ManojM"
"http://bitmesra.academia.edu/pradeep","http://cafe-acoustic.academia.edu/sulhamsosek"
"http://bitmesra.academia.edu/pradeep","http://bitmesra.academia.edu/RAHULK"
"http://bitmesra.academia.edu/pradeep","http://independent.academia.edu/BhargavAmbati"
"http://bitmesra.academia.edu/pradeep","http://iium.academia.edu/ArifuzzamanRahat"
"http://bitmesra.academia.edu/pradeep","http://bitmesra.academia.edu/SHIKHASINHA"
"http://bitmesra.academia.edu/pradeep","http://independent.academia.edu/HimanshuAgarwal24"
"http://bitmesra.academia.edu/pradeep","http://independent.academia.edu/KishoreSiva"
"http://bitmesra.academia.edu/pradeep","http://iisc.academia.edu/madhukesav"
"http://bitmesra.academia.edu/pradeep","http://independent.academia.edu/NaveenHoro"
"http://bitmesra.academia.edu/pradeep","http://independent.academia.edu/SunilKhayur"
"http://bitmesra.academia.edu/pradeep","http://kluniversity.academia.edu/gangaraotalatam"
"http://bitmesra.academia.edu/pradeep","http://asu.academia.edu/AkarshCholaveti"
"http://bitmesra.academia.edu/pradeep","http://independent.academia.edu/AbujhTamim"
"http://bitmesra.academia.edu/pradeep","http://independent.academia.edu/JamesJim3"
"http://bitmesra.academia.edu/pradeep","http://bitmesra.academia.edu/MDMANZARIMAM"
"http://bitmesra.academia.edu/pradeep","http://hashemite.academia.edu/IbrahimDoujan"
"http://bitmesra.academia.edu/pradeep","http://virginia.academia.edu/SteveHudson"
"http://bitmesra.academia.edu/pradeep","https://independent.academia.edu/LChaturika"
"http://bitmesra.academia.edu/pradeep","http://bitmesra.academia.edu/VivekSinha"
"http://bitmesra.academia.edu/pradeep","http://bitmesra.academia.edu/RakeshPalaparthi"
"http://bitmesra.academia.edu/pradeep","http://independent.academia.edu/SiddharthaReddy"
"http://bitmesra.academia.edu/pradeep","http://bitmesra.academia.edu/AdityaUjjwal"
"http://bitmesra.academia.edu/pradeep","http://independent.academia.edu/AnilJakkam"
"http://bitmesra.academia.edu/pradeep","http://gitam.academia.edu/NiranjanNIRU"
"http://bitmesra.academia.edu/pradeep","http://lautech.academia.edu/IretioluwaOlawuyi"
"http://bitmesra.academia.edu/pradeep","http://bitmesra.academia.edu/EeshanMitra"
"http://bitmesra.academia.edu/pradeep","http://bitmesra.academia.edu/UpendraKumar"
"http://bitmesra.academia.edu/pradeep","http://bitmesra.academia.edu/anirudhbahuguna"
"http://bitmesra.academia.edu/pradeep","http://independent.academia.edu/KartikeyaUpreti"
"http://bitmesra.academia.edu/pradeep","http://iitm.academia.edu/SuryaTejaA"
"http://bitmesra.academia.edu/pradeep","http://msrsas.academia.edu/parampmd"
"http://bitmesra.academia.edu/pradeep","http://independent.academia.edu/jakkamgirish"
"http://bitmesra.academia.edu/pradeep","http://geu.academia.edu/ArpitDwivedi"
"http://bitmesra.academia.edu/pradeep","http://t.academia.edu/karthikeyankumaravel"
"http://bitmesra.academia.edu/pradeep","https://illinois.academia.edu/ThulasiRamKhamma"
"http://bitmesra.academia.edu/pradeep","http://independent.academia.edu/ChandraMacha"
"http://bitmesra.academia.edu/pradeep","http://independent.academia.edu/LeelaPrasad1"
"http://bitmesra.academia.edu/pradeep","http://coventry.academia.edu/MohammedNadaf"
"http://bitmesra.academia.edu/pradeep","http://bitmesra.academia.edu/AMITDIXIT"
"http://bitmesra.academia.edu/pradeep","http://cuny.academia.edu/AnamikaDasgupta"
"http://bitmesra.academia.edu/pradeep","http://iim.academia.edu/TejaTJ"
"http://bitmesra.academia.edu/pradeep","http://nitw.academia.edu/bhargavyekkala"
"http://bitmesra.academia.edu/pradeep","http://bitmesra.academia.edu/sidharathaagarwal"
"http://bitmesra.academia.edu/pradeep","http://isae.academia.edu/mohanchenjietuisaefr"
"http://bitmesra.academia.edu/pradeep","http://independent.academia.edu/RahimanMubarak"
"http://bitmesra.academia.edu/pradeep","http://bitmesra.academia.edu/shlokmishra"
"http://bitmesra.academia.edu/pradeep","http://bitmesra.academia.edu/ShaileshKejriwal"
"http://bitmesra.academia.edu/pradeep","http://nerist.academia.edu/shantanughosal"
"http://bitmesra.academia.edu/pradeep","http://nitw.academia.edu/chaitanyatummala"
"http://bitmesra.academia.edu/pradeep","http://sastra.academia.edu/AbhishekBagusetty"
"http://bitmesra.academia.edu/pradeep","http://mumbaiunivercity.academia.edu/sunilyadav"
"http://bitmesra.academia.edu/pradeep","http://t.academia.edu/mayankpal"
"http://bitmesra.academia.edu/pradeep","http://spruz.academia.edu/KyawKo"
"http://bitmesra.academia.edu/pradeep","http://independent.academia.edu/TejaH"
"http://bitmesra.academia.edu/pradeep","http://vtu.academia.edu/indusekhark"
"http://bitmesra.academia.edu/pradeep","http://independent.academia.edu/GaneshGani3"
"http://bitmesra.academia.edu/pradeep","http://bitmesra.academia.edu/VmithleshKumar"
"http://bitmesra.academia.edu/pradeep","http://mouau.academia.edu/PhilipVincent"
"http://bitmesra.academia.edu/pradeep","http://iitm.academia.edu/Deepakcheekati"
"http://bitmesra.academia.edu/pradeep","http://just.academia.edu/NasimAlAmoush"
"http://bitmesra.academia.edu/pradeep","http://independent.academia.edu/ShekharSaurav"
"http://bitmesra.academia.edu/pradeep","http://independent.academia.edu/SYekkala"
"http://bitmesra.academia.edu/pradeep","http://coventry.academia.edu/RajivSushanth"
"http://bitmesra.academia.edu/pradeep","http://khai.academia.edu/JithinSajeevan"
"http://bitmesra.academia.edu/pradeep","http://nitw.academia.edu/sasibhushanmuttada"
"http://bitmesra.academia.edu/pradeep","http://ucet.academia.edu/InternationalResearchAnalysisandEvaluationIndexedResearchJournal"
"http://bitmesra.academia.edu/pradeep","http://balabtechit.academia.edu/krishnasai"
"http://bitmesra.academia.edu/pradeep","http://independent.academia.edu/lowkyachaturika"
"http://bitmesra.academia.edu/pradeep","http://independent.academia.edu/AshineGeberhana"
"http://bitmesra.academia.edu/pradeep","http://independent.academia.edu/TejeshNegi"
"http://bitmesra.academia.edu/pradeep","http://independent.academia.edu/mohammedazizurrahmanrahman"
"http://bitmesra.academia.edu/pradeep","http://bitmesra.academia.edu/ToshaliGupta"
"http://bitmesra.academia.edu/pradeep","http://pucit.academia.edu/usmanabbas"
"http://bitmesra.academia.edu/pradeep","http://bitmesra.academia.edu/AyushDinker"
"http://bitmesra.academia.edu/pradeep","http://srbiau.academia.edu/HassanHamdast"
"http://bitmesra.academia.edu/pradeep","http://bisagunsa.academia.edu/ChingConejero"
"http://bitmesra.academia.edu/pradeep","http://nrc.academia.edu/MohammedSaberGad"
"http://bitmesra.academia.edu/pradeep","http://independent.academia.edu/SowjanyaKamisetti"
"http://bitmesra.academia.edu/pradeep","http://independent.academia.edu/KamparajuSkandhaSaiVarma"
"http://bitmesra.academia.edu/pradeep","http://independent.academia.edu/ANIKETHKAMATH"
"http://bitmesra.academia.edu/pradeep","http://independent.academia.edu/MohamedFarah"
"http://bitmesra.academia.edu/pradeep","http://jntuk.academia.edu/sahityaprasanna"
"http://bitmesra.academia.edu/pradeep","http://iitm.academia.edu/prashanthp"
"http://bitmesra.academia.edu/pradeep","http://independent.academia.edu/AbhishekMaheshwari4"
"http://bitmesra.academia.edu/pradeep","http://bitmesra.academia.edu/VimalPrakash"
"http://bitmesra.academia.edu/pradeep","http://bitmesra.academia.edu/IndrajeetAzad"
"http://bitmesra.academia.edu/pradeep","http://independent.academia.edu/bhargavram3"
"http://bitmesra.academia.edu/pradeep","http://independent.academia.edu/DilshanSandeep"
"http://bitmesra.academia.edu/pradeep","http://independent.academia.edu/FredericLabbeChapuis"
"http://bitmesra.academia.edu/pradeep","http://iiml.academia.edu/SwethaT"
"http://bitmesra.academia.edu/pradeep","http://bitmesra.academia.edu/VishalAnand"
"http://bitmesra.academia.edu/pradeep","http://yale.academia.edu/osmanowjerry"
"http://bitmesra.academia.edu/pradeep","http://umass.academia.edu/aysezeynep"
"http://bitmesra.academia.edu/pradeep","http://independent.academia.edu/seleshiwale"
"http://bitmesra.academia.edu/pradeep","http://bitmesra.academia.edu/VinitPoddar"
"http://bitmesra.academia.edu/pradeep","http://gmu.academia.edu/turgutluhuzurevi"
"http://bitmesra.academia.edu/pradeep","http://amity.academia.edu/vverma"
"http://bitmesra.academia.edu/pradeep","http://independent.academia.edu/madhuvinayk"
"http://bitmesra.academia.edu/pradeep","http://gitam.academia.edu/sudhirkumar"
"http://bitmesra.academia.edu/pradeep","http://gla.academia.edu/ashwanishukla"
"http://bitmesra.academia.edu/pradeep","http://independent.academia.edu/SudeshnaPatnaik"
"http://bitmesra.academia.edu/pradeep","http://kluniversity.academia.edu/sudheerkumar"
"http://bitmesra.academia.edu/pradeep","http://independent.academia.edu/AvanthiRaghavendraMaharaj"
"http://bitmesra.academia.edu/pradeep","http://independent.academia.edu/AdarshAgrawal1"
"http://bitmesra.academia.edu/pradeep","http://independent.academia.edu/JawaharPatnaik"
"http://bitmesra.academia.edu/pradeep","http://independent.academia.edu/jameelahmed20"
"http://bitmesra.academia.edu/pradeep","http://independent.academia.edu/MukeshBarnwal"
"http://bitmesra.academia.edu/pradeep","http://independent.academia.edu/sazidkhan2"
"http://bitmesra.academia.edu/pradeep","http://univpancasila.academia.edu/WhyyouReeza"
"http://bitmesra.academia.edu/pradeep","http://independent.academia.edu/ronaldmartinn"
"http://bitmesra.academia.edu/pradeep","http://gda.academia.edu/KevinBlake"
"http://bitmesra.academia.edu/pradeep","http://independent.academia.edu/MoulayMadjid"
"http://bitmesra.academia.edu/pradeep","http://independent.academia.edu/BenMartoSiallagan"
"http://bitmesra.academia.edu/pradeep","http://annauniv.academia.edu/LeelaKrishnan"
"http://bitmesra.academia.edu/pradeep","http://seolocalresults.academia.edu/LennyMauricioGomez"
"http://bitmesra.academia.edu/pradeep","http://independent.academia.edu/AmineChe"
"http://bitmesra.academia.edu/pradeep","http://independent.academia.edu/kauamavaega"
"http://bitmesra.academia.edu/pradeep","http://independent.academia.edu/vikassingh86"
"http://bitmesra.academia.edu/pradeep","http://independent.academia.edu/daniellemariani"
"http://bitmesra.academia.edu/pradeep","http://independent.academia.edu/humammhmd"
"http://bitmesra.academia.edu/pradeep","http://independent.academia.edu/AllalBoumediene"
"http://bitmesra.academia.edu/pradeep","http://uptu.academia.edu/samisingh"
"http://independent.academia.edu/AnindyaMaiti","https://independent.academia.edu/KarthikeyanSivashanmugam"
"http://independent.academia.edu/AnindyaMaiti","https://independent.academia.edu/SaheliDe1"
"http://independent.academia.edu/AnindyaMaiti","https://wit.academia.edu/BaniSetiadi"
"http://independent.academia.edu/AnindyaMaiti","https://bits-pilani.academia.edu/AmritPal"
"http://independent.academia.edu/AnindyaMaiti","https://vit.academia.edu/SujithSam"
"http://independent.academia.edu/AnindyaMaiti","https://vit.academia.edu/AniruddhaPondhe"
"http://independent.academia.edu/AnindyaMaiti","http://nist-odisha.academia.edu/SatyaSopanMahato"
"http://independent.academia.edu/AnindyaMaiti","https://usheffield.academia.edu/ArjunRKrishna"
"http://independent.academia.edu/AnindyaMaiti","https://vit.academia.edu/vincentPM"
"http://independent.academia.edu/AnindyaMaiti","https://vit.academia.edu/PrashantDwivedi"
"http://independent.academia.edu/AnindyaMaiti","https://ernrt.academia.edu/RavindraVutukuru"
"http://independent.academia.edu/AnindyaMaiti","https://vit.academia.edu/RuchirPatwa"
"http://independent.academia.edu/AnindyaMaiti","https://vit.academia.edu/AdityaThoomati"
"http://independent.academia.edu/AnindyaMaiti","http://vit.academia.edu/niteshkumar"
"http://independent.academia.edu/AnindyaMaiti","https://independent.academia.edu/AnkitBarik"
"http://independent.academia.edu/AnindyaMaiti","http://independent.academia.edu/HansSiagian"
"http://independent.academia.edu/AnindyaMaiti","https://vit.academia.edu/AnujVerma"
"http://independent.academia.edu/AnindyaMaiti","https://becs.academia.edu/KritikaSha"
"http://independent.academia.edu/AnindyaMaiti","https://bits-hyderabad.academia.edu/BiswaPrasannaMishra"
"http://independent.academia.edu/AnindyaMaiti","http://independent.academia.edu/UtkarshBhutani"
"http://independent.academia.edu/AnindyaMaiti","http://segii.academia.edu/RezaUlfian"
"http://independent.academia.edu/AnindyaMaiti","https://warwick.academia.edu/AbhinandanBalasubramanian"
"http://independent.academia.edu/AnindyaMaiti","https://independent.academia.edu/AvinashSingh96"
"http://independent.academia.edu/AnindyaMaiti","https://independent.academia.edu/ShreyasPanambur"
"http://independent.academia.edu/AnindyaMaiti","https://independent.academia.edu/ShetanshuDikshit"
"http://independent.academia.edu/AnindyaMaiti","https://independent.academia.edu/ShekharSharma12"
"http://independent.academia.edu/AnindyaMaiti","https://ernrt.academia.edu/ATANUBAG"
"http://independent.academia.edu/AnindyaMaiti","https://iitkgp.academia.edu/LavishKumarSingh"
"http://independent.academia.edu/AnindyaMaiti","https://iitd.academia.edu/AnshulSharma"
"http://independent.academia.edu/AnindyaMaiti","http://independent.academia.edu/ChinniMahesh"
"http://independent.academia.edu/AnindyaMaiti","https://msitcollege.academia.edu/AvikMishra"
"http://independent.academia.edu/AnindyaMaiti","http://independent.academia.edu/AvishekMajumdar"
"http://independent.academia.edu/AnindyaMaiti","https://iitkgp.academia.edu/NibeditaDutta"
"http://independent.academia.edu/AnindyaMaiti","https://independent.academia.edu/JatinKhandelwal"
"http://independent.academia.edu/AnindyaMaiti","https://vit.academia.edu/AmiyaArnav"
"http://independent.academia.edu/AnindyaMaiti","http://independent.academia.edu/BhaskarPal"
"http://independent.academia.edu/AnindyaMaiti","http://ictmumbai.academia.edu/ABHISHEKANAND"
"http://independent.academia.edu/AnindyaMaiti","http://independent.academia.edu/AishikChanda"
"http://independent.academia.edu/AnindyaMaiti","https://wbut.academia.edu/ShounakDevbhuti"
"http://independent.academia.edu/AnindyaMaiti","https://independent.academia.edu/IpsitaGochhayat"
"http://independent.academia.edu/AnindyaMaiti","https://vit.academia.edu/HarshLal"
"http://independent.academia.edu/AnindyaMaiti","https://independent.academia.edu/VaibhavSinha"
"http://independent.academia.edu/AnindyaMaiti","https://iitb.academia.edu/HimanshuJaiswal"
"http://independent.academia.edu/AnindyaMaiti","https://iitkgp.academia.edu/SubhasisMahata"
"http://independent.academia.edu/AnindyaMaiti","https://independent.academia.edu/DasManab"
"http://independent.academia.edu/AnindyaMaiti","http://independent.academia.edu/ApurvaRathi"
"http://independent.academia.edu/AnindyaMaiti","https://independent.academia.edu/KunduSoumitra"
"http://independent.academia.edu/AnindyaMaiti","https://iitd.academia.edu/BodhibrataMukhopadhyay"
"http://independent.academia.edu/AnindyaMaiti","https://independent.academia.edu/MubashirHamid"
"http://independent.academia.edu/AnindyaMaiti","http://asu.academia.edu/AkarshCholaveti"
"http://independent.academia.edu/AnindyaMaiti","https://vit.academia.edu/DheerajRajagopal"
"http://independent.academia.edu/AnindyaMaiti","https://independent.academia.edu/ShounakDutta"
"http://independent.academia.edu/AnindyaMaiti","http://vit.academia.edu/PrateekTandon"
"http://independent.academia.edu/AnindyaMaiti","https://vit.academia.edu/ShashankSrivastava"
"http://independent.academia.edu/AnindyaMaiti","https://ashokauniversity.academia.edu/VPrasath"
"http://independent.academia.edu/AnindyaMaiti","http://internationalmanagementnewdelhi.academia.edu/ChinmayMadan"
"http://independent.academia.edu/AnindyaMaiti","http://manchester.academia.edu/ShravanKarumanchi"
"http://independent.academia.edu/AnindyaMaiti","https://independent.academia.edu/JeremySony"
"http://independent.academia.edu/AnindyaMaiti","http://vit.academia.edu/BharathiArun"
"http://independent.academia.edu/AnindyaMaiti","https://independent.academia.edu/ArunBiotech"
"http://independent.academia.edu/AnindyaMaiti","https://independent.academia.edu/AmitKumar477"
"http://independent.academia.edu/AnindyaMaiti","https://independent.academia.edu/AniruddhSingh"
"http://independent.academia.edu/AnindyaMaiti","https://independent.academia.edu/AnkurDixit3"
"http://independent.academia.edu/AnindyaMaiti","https://independent.academia.edu/NilanshuSharma"
"http://independent.academia.edu/AnindyaMaiti","https://vit.academia.edu/DeepthiPallapati"
"http://independent.academia.edu/AnindyaMaiti","https://vit.academia.edu/RajAgrawal"
"http://independent.academia.edu/AnindyaMaiti","https://wbutech.academia.edu/AnimeshBehera"
"http://independent.academia.edu/AnindyaMaiti","https://vit.academia.edu/LOGESHSRINIVASAN"
"http://independent.academia.edu/AnindyaMaiti","https://independent.academia.edu/RaghavendraRaghav"
"http://independent.academia.edu/AnindyaMaiti","https://independent.academia.edu/RahulChatterjee5"
"http://independent.academia.edu/AnindyaMaiti","https://iitkgp.academia.edu/SukumarChandra"
"http://independent.academia.edu/AnindyaMaiti","http://hithaldia.academia.edu/ABHISHEKKUMAR"
"http://independent.academia.edu/AnindyaMaiti","http://independent.academia.edu/BhavanaGuntur"
"http://independent.academia.edu/AnindyaMaiti","https://vit.academia.edu/AshishPattanayak"
"http://independent.academia.edu/AnindyaMaiti","https://vit.academia.edu/akshithkandakatla"
"http://independent.academia.edu/AnindyaMaiti","https://independent.academia.edu/PadmajaSingh"
"http://independent.academia.edu/AnindyaMaiti","https://vit.academia.edu/KaranDesai"
"http://independent.academia.edu/AnindyaMaiti","http://vit.academia.edu/AdityaGupta"
"http://independent.academia.edu/AnindyaMaiti","https://independent.academia.edu/JalajGarg"
"http://independent.academia.edu/AnindyaMaiti","https://independent.academia.edu/ArjunKapur"
"http://independent.academia.edu/AnindyaMaiti","https://independent.academia.edu/AbhishekJain"
"http://independent.academia.edu/AnindyaMaiti","https://independent.academia.edu/SitanshuSatpathy"
"http://independent.academia.edu/AnindyaMaiti","https://independent.academia.edu/MurliChouhan"
"http://independent.academia.edu/AnindyaMaiti","http://independent.academia.edu/ManuShah"
"http://independent.academia.edu/AnindyaMaiti","https://independent.academia.edu/VarshaSingh23"
"http://independent.academia.edu/AnindyaMaiti","http://independent.academia.edu/ManishRanjan2"
"http://independent.academia.edu/AnindyaMaiti","https://independent.academia.edu/SharanyaMukhopadhyay"
"http://independent.academia.edu/AnindyaMaiti","http://nagpuruniversity.academia.edu/SNEHALNARKHEDE"
"http://independent.academia.edu/AnindyaMaiti","https://vit.academia.edu/sandeeprajadangeti"
"http://independent.academia.edu/AnindyaMaiti","https://independent.academia.edu/KartikNemani"
"http://independent.academia.edu/AnindyaMaiti","https://gre.academia.edu/SivazNkmurthy"
"http://independent.academia.edu/AnindyaMaiti","https://independent.academia.edu/SinghMohit"
"http://independent.academia.edu/AnindyaMaiti","https://iitkgp.academia.edu/NishantGupta"
"http://independent.academia.edu/AnindyaMaiti","https://independent.academia.edu/HarikrishnanNair5"
"http://independent.academia.edu/AnindyaMaiti","https://independent.academia.edu/KawserShovon"
"http://independent.academia.edu/AnindyaMaiti","https://vit.academia.edu/RahulGodha"
"http://independent.academia.edu/AnindyaMaiti","https://vellore.academia.edu/SnehPrateek"
"http://independent.academia.edu/AnindyaMaiti","https://icfaiuniversity.academia.edu/IndranilSinha"
"http://independent.academia.edu/AnindyaMaiti","https://independent.academia.edu/LovishMittal"
"http://independent.academia.edu/AnindyaMaiti","https://saurabhjha.academia.edu/sujanbolisetti"
"http://independent.academia.edu/AnindyaMaiti","http://kliuc.academia.edu/SofwanHssn"
"http://independent.academia.edu/AnindyaMaiti","https://iipm.academia.edu/ResuReddy"
"http://independent.academia.edu/AnindyaMaiti","https://vit.academia.edu/MonishaChandar"
"http://independent.academia.edu/AnindyaMaiti","https://independent.academia.edu/DharanSashi"
"http://independent.academia.edu/AnindyaMaiti","https://vit.academia.edu/VineetJeswani"
"http://independent.academia.edu/AnindyaMaiti","http://independent.academia.edu/GauravAgrawal"
"http://independent.academia.edu/AnindyaMaiti","http://independent.academia.edu/BhanuPrasad30"
"http://independent.academia.edu/AnindyaMaiti","https://vit.academia.edu/MohitBhasin"
"http://independent.academia.edu/AnindyaMaiti","http://independent.academia.edu/ShaarifZia"
"http://independent.academia.edu/AnindyaMaiti","https://independent.academia.edu/VijayMohta"
"http://independent.academia.edu/AnindyaMaiti","https://independent.academia.edu/SubhamDasgupta"
"http://independent.academia.edu/AnindyaMaiti","https://vit.academia.edu/maheshagrawal"
"http://independent.academia.edu/AnindyaMaiti","https://independent.academia.edu/RoshanSharma23"
"http://independent.academia.edu/AnindyaMaiti","https://independent.academia.edu/AashishJain6"
"http://independent.academia.edu/AnindyaMaiti","https://independent.academia.edu/GSingh6"
"http://independent.academia.edu/AnindyaMaiti","https://titech.academia.edu/MilanKumarBera"
"http://independent.academia.edu/AnindyaMaiti","https://independent.academia.edu/JimSam"
"http://independent.academia.edu/AnindyaMaiti","https://vit.academia.edu/Abhiseksamal"
"http://independent.academia.edu/AnindyaMaiti","https://vit.academia.edu/AbhishekAgarwal"
"http://independent.academia.edu/AnindyaMaiti","http://vit.academia.edu/RajeevRaj"
"http://independent.academia.edu/AnindyaMaiti","https://wichita.academia.edu/KushalDave"
"http://independent.academia.edu/AnindyaMaiti","http://vit.academia.edu/harendrapratapsingh"
"http://independent.academia.edu/AnindyaMaiti","https://independent.academia.edu/EllaFry"
"http://independent.academia.edu/AnindyaMaiti","https://iitkgp-in.academia.edu/JamesPiter"
"http://independent.academia.edu/AnindyaMaiti","https://independent.academia.edu/SunilReddy13"
"http://independent.academia.edu/AnindyaMaiti","https://wichita.academia.edu/AsadHashmi"
"http://independent.academia.edu/AnindyaMaiti","http://vidyasagar.academia.edu/SubhamGupta"
"http://independent.academia.edu/AnindyaMaiti","https://independent.academia.edu/AghrayaniChakroborty"
"http://independent.academia.edu/AnindyaMaiti","https://independent.academia.edu/GuidoLang"
"http://independent.academia.edu/AnindyaMaiti","https://vit.academia.edu/SowmyaP"
"http://vit.academia.edu/RuchirPatwa","http://vit.academia.edu/AswinChandrasekharan"
"http://vit.academia.edu/RuchirPatwa","http://independent.academia.edu/CaijJournal"
"http://vit.academia.edu/RuchirPatwa","http://independent.academia.edu/YashShah42"
"http://vit.academia.edu/RuchirPatwa","http://vit.academia.edu/AnantGupta"
"http://vit.academia.edu/RuchirPatwa","http://vit.academia.edu/AbhishekBhardwaj"
"http://vit.academia.edu/RuchirPatwa","http://jnafau.academia.edu/AkshatSharma"
"http://vit.academia.edu/RuchirPatwa","http://independent.academia.edu/NikhilTilwani"
"http://vit.academia.edu/RuchirPatwa","http://independent.academia.edu/AnindyaMaiti"
"http://vit.academia.edu/RuchirPatwa","http://iitgn.academia.edu/AmitAsher"
"http://vit.academia.edu/RuchirPatwa","https://ernrt.academia.edu/AnoopSubramanian"
"http://vit.academia.edu/RuchirPatwa","http://vit.academia.edu/niteshkumar"
"http://vit.academia.edu/RuchirPatwa","http://independent.academia.edu/H%E1%BA%A3iTri%E1%BB%81uNguy%E1%BB%85n"
"http://vit.academia.edu/RuchirPatwa","http://warwick.academia.edu/AbhinandanBalasubramanian"
"http://vit.academia.edu/RuchirPatwa","http://vit.academia.edu/ParasNarang"
"http://vit.academia.edu/RuchirPatwa","http://purdue.academia.edu/PulkitParikh"
"http://vit.academia.edu/RuchirPatwa","http://vit.academia.edu/SohilHabib"
"http://vit.academia.edu/RuchirPatwa","http://vit.academia.edu/NikitaGupta"
"http://vit.academia.edu/RuchirPatwa","http://smude.academia.edu/NanaKwameGyamfi"
"http://vit.academia.edu/RuchirPatwa","http://imt.academia.edu/ShreyanshMehta"
"http://vit.academia.edu/RuchirPatwa","http://nottingham.academia.edu/ShwetaDesai"
"http://vit.academia.edu/RuchirPatwa","http://independent.academia.edu/IJSPTMJournal"
"http://vit.academia.edu/RuchirPatwa","http://cmu.academia.edu/NithinAngri"
"http://vit.academia.edu/RuchirPatwa","http://umich.academia.edu/UditGami"
"http://vit.academia.edu/RuchirPatwa","http://independent.academia.edu/AngadSingh"
"http://vit.academia.edu/RuchirPatwa","http://iitb.academia.edu/NeelShah"
"http://vit.academia.edu/RuchirPatwa","http://rit.academia.edu/AmogRajenderan"
"http://vit.academia.edu/RuchirPatwa","http://cmu.academia.edu/AshrithaDurvasula"
"http://vit.academia.edu/RuchirPatwa","http://independent.academia.edu/HSheth"
"http://vit.academia.edu/RuchirPatwa","http://nitie.academia.edu/ALiptSaxena"
"http://vit.academia.edu/RuchirPatwa","http://vit.academia.edu/NehaTekriwal"
"http://vit.academia.edu/RuchirPatwa","http://vit.academia.edu/HarshLal"
"http://vit.academia.edu/RuchirPatwa","http://vit.academia.edu/ChandraMouliPVSSR"
"http://vit.academia.edu/RuchirPatwa","http://colostate.academia.edu/VilasiniShrinivasan"
"http://vit.academia.edu/RuchirPatwa","http://nliu.academia.edu/PrasunNaidu"
"http://vit.academia.edu/RuchirPatwa","http://independent.academia.edu/AnishDesai"
"http://vit.academia.edu/RuchirPatwa","http://asu.academia.edu/AkarshCholaveti"
"http://vit.academia.edu/RuchirPatwa","http://vit.academia.edu/DheerajRajagopal"
"http://vit.academia.edu/RuchirPatwa","http://vit.academia.edu/ShashankSrivastava"
"http://vit.academia.edu/RuchirPatwa","http://asu.academia.edu/AniketBharati"
"http://vit.academia.edu/RuchirPatwa","http://independent.academia.edu/HarshShah46"
"http://vit.academia.edu/RuchirPatwa","http://independent.academia.edu/JaishivVaghela"
"http://vit.academia.edu/RuchirPatwa","https://ashokauniversity.academia.edu/VPrasath"
"http://vit.academia.edu/RuchirPatwa","http://internationalmanagementnewdelhi.academia.edu/ChinmayMadan"
"http://vit.academia.edu/RuchirPatwa","http://vit.academia.edu/BharathiArun"
"http://vit.academia.edu/RuchirPatwa","http://sjsu.academia.edu/ArjunShah"
"http://vit.academia.edu/RuchirPatwa","http://independent.academia.edu/AnkurDixit3"
"http://vit.academia.edu/RuchirPatwa","http://asu.academia.edu/VivekMahadevan"
"http://vit.academia.edu/RuchirPatwa","http://amie.academia.edu/KarishmaRajpal"
"http://vit.academia.edu/RuchirPatwa","http://independent.academia.edu/AdityaSarathy"
"http://vit.academia.edu/RuchirPatwa","http://independent.academia.edu/PoojaDesai"
"http://vit.academia.edu/RuchirPatwa","http://independent.academia.edu/RushitaaGupta"
"http://vit.academia.edu/RuchirPatwa","http://hcmuns.academia.edu/L%C3%AAH%C3%B2a"
"http://vit.academia.edu/RuchirPatwa","http://independent.academia.edu/PriyankaGoyal4"
"http://vit.academia.edu/RuchirPatwa","http://vit.academia.edu/KaranDesai"
"http://vit.academia.edu/RuchirPatwa","http://utcluj.academia.edu/MarianApopei"
"http://vit.academia.edu/RuchirPatwa","http://annauniv.academia.edu/MathuMeenaP"
"http://vit.academia.edu/RuchirPatwa","http://independent.academia.edu/ArjunKapur"
"http://vit.academia.edu/RuchirPatwa","http://fullerton.academia.edu/JigarMehta"
"http://vit.academia.edu/RuchirPatwa","http://imt.academia.edu/AmritanshuMehra"
"http://vit.academia.edu/RuchirPatwa","http://bamelbourne.academia.edu/MankiratSingh"
"http://vit.academia.edu/RuchirPatwa","http://vit.academia.edu/Manojv"
"http://vit.academia.edu/RuchirPatwa","http://wwwgatech.academia.edu/ParthDesai"
"http://vit.academia.edu/RuchirPatwa","http://independent.academia.edu/ManuShah"
"http://vit.academia.edu/RuchirPatwa","http://independent.academia.edu/JyotiYadav5"
"http://vit.academia.edu/RuchirPatwa","http://independent.academia.edu/DhruvDesai"
"http://vit.academia.edu/RuchirPatwa","http://independent.academia.edu/TejasModi"
"http://vit.academia.edu/RuchirPatwa","http://cmu.academia.edu/EshithaHk"
"http://vit.academia.edu/RuchirPatwa","http://independent.academia.edu/KavyaRavavarapu"
"http://vit.academia.edu/RuchirPatwa","http://independent.academia.edu/SaurabhSingh17"
"http://vit.academia.edu/RuchirPatwa","http://independent.academia.edu/DevThacker"
"http://vit.academia.edu/RuchirPatwa","http://independent.academia.edu/SinghMohit"
"http://vit.academia.edu/RuchirPatwa","http://gre.academia.edu/SivazNkmurthy"
"http://vit.academia.edu/RuchirPatwa","http://vellore.academia.edu/SnehPrateek"
"http://vit.academia.edu/RuchirPatwa","http://independent.academia.edu/ParthMehta1"
"http://vit.academia.edu/RuchirPatwa","http://independent.academia.edu/JaydeepBagrecha"
"http://vit.academia.edu/RuchirPatwa","http://independent.academia.edu/ShwethaDurgashankar"
"http://vit.academia.edu/RuchirPatwa","http://independent.academia.edu/GeetimaRai"
"http://vit.academia.edu/RuchirPatwa","http://vit.academia.edu/NKumar"
"http://vit.academia.edu/RuchirPatwa","http://independent.academia.edu/PantSaumya"
"http://vit.academia.edu/RuchirPatwa","http://vit.academia.edu/Abhiseksamal"
"http://vit.academia.edu/RuchirPatwa","http://independent.academia.edu/SwatiSingh21"
"http://vit.academia.edu/RuchirPatwa","http://independent.academia.edu/VahidGhafori"
"http://vit.academia.edu/RuchirPatwa","http://independent.academia.edu/NitiBumia"
"http://vit.academia.edu/RuchirPatwa","http://manchester.academia.edu/KarishmaShakeel"
"http://vit.academia.edu/RuchirPatwa","http://independent.academia.edu/UzmaNisar"
"http://vit.academia.edu/RuchirPatwa","http://concordia-ab.academia.edu/ChakitGarg"
"http://vit.academia.edu/RuchirPatwa","http://ggsipu.academia.edu/VipulSharma"
"http://vit.academia.edu/RuchirPatwa","http://karunya.academia.edu/VijithManamadathil"
"http://vit.academia.edu/RuchirPatwa","http://mu.academia.edu/Riteshchandnani"
"http://vit.academia.edu/RuchirPatwa","http://jntucep.academia.edu/VivekanandaGN"
"http://vit.academia.edu/RuchirPatwa","http://independent.academia.edu/KrishJagirdar"
"http://vit.academia.edu/RuchirPatwa","http://independent.academia.edu/JohnWong37"
"http://vit.academia.edu/RuchirPatwa","http://vit.academia.edu/RajatPandey"
"http://vit.academia.edu/RuchirPatwa","http://independent.academia.edu/OtaruNathaniel"
"http://vit.academia.edu/RuchirPatwa","http://cmu.academia.edu/ShuaiWang"
"http://vit.academia.edu/RuchirPatwa","http://independent.academia.edu/RavikantPankaj"
"http://vit.academia.edu/RuchirPatwa","http://independent.academia.edu/ASAS32"
"http://vit.academia.edu/RuchirPatwa","http://independent.academia.edu/B%C3%BC%C5%9FraKuru"
"http://vit.academia.edu/RuchirPatwa","http://independent.academia.edu/LeopoldoGuterres"
"http://vit.academia.edu/RuchirPatwa","https://vsb.academia.edu/MiralemMehic"
"http://vit.academia.edu/RuchirPatwa","http://independent.academia.edu/AlemayehuMulugeta"
"http://vit.academia.edu/RuchirPatwa","http://nitj.academia.edu/AjayRoy"
"http://vit.academia.edu/RuchirPatwa","http://independent.academia.edu/LyricDubey"
"http://vit.academia.edu/RuchirPatwa","http://mitindia.academia.edu/NAVANEETHAKRISHNANRAMANATHAN"
"http://vit.academia.edu/RuchirPatwa","http://independent.academia.edu/FrancoChristian"
"http://vit.academia.edu/RuchirPatwa","http://independent.academia.edu/DiWang2"
"http://vit.academia.edu/RuchirPatwa","http://rguhs.academia.edu/ArumugamArun"
"http://vit.academia.edu/RuchirPatwa","http://independent.academia.edu/ravikirankaranam"
"http://vit.academia.edu/RuchirPatwa","http://independent.academia.edu/MimMim1"
"http://vit.academia.edu/RuchirPatwa","http://independent.academia.edu/imranimarn"
"http://vit.academia.edu/RuchirPatwa","http://independent.academia.edu/davinderpreet"
"http://vit.academia.edu/RuchirPatwa","http://independent.academia.edu/PriyankaJagtap7"
"http://vit.academia.edu/RuchirPatwa","http://independent.academia.edu/VICHITHRAREDDY"
"http://vit.academia.edu/RuchirPatwa","http://independent.academia.edu/NguyenThao10"
"http://vit.academia.edu/RuchirPatwa","http://independent.academia.edu/GopikishoreM"
"http://vit.academia.edu/RuchirPatwa","http://ciitlahore.academia.edu/GIBRANKHALEEQ"
"http://vit.academia.edu/RuchirPatwa","http://independent.academia.edu/RamVel"
"http://vit.academia.edu/RuchirPatwa","http://sab.academia.edu/thiliniudakanda"
"http://vit.academia.edu/RuchirPatwa","http://independent.academia.edu/TariroKazembe"
"http://vit.academia.edu/RuchirPatwa","http://independent.academia.edu/JagratiDangayach"
"http://vit.academia.edu/RuchirPatwa","http://independent.academia.edu/KartikPant1"
"http://vit.academia.edu/RuchirPatwa","http://independent.academia.edu/baruna"
"http://vit.academia.edu/RuchirPatwa","http://etf.academia.edu/PeroPeric"
"http://vit.academia.edu/RuchirPatwa","http://independent.academia.edu/VinhNguyen15"
"http://vit.academia.edu/BandiSailesh","https://univ-catholille.academia.edu/AlokPrakash"
"http://vit.academia.edu/BandiSailesh","https://vit.academia.edu/DrSasikumarSwamiappan"
"http://vit.academia.edu/BandiSailesh","https://vit.academia.edu/PradeepKumarS"
"http://vit.academia.edu/BandiSailesh","https://vit.academia.edu/AswinChandrasekharan"
"http://vit.academia.edu/BandiSailesh","https://vit.academia.edu/ARoy"
"http://vit.academia.edu/BandiSailesh","https://vit.academia.edu/SujithSam"
"http://vit.academia.edu/BandiSailesh","https://independent.academia.edu/ChahatAhuja"
"http://vit.academia.edu/BandiSailesh","https://independent.academia.edu/SriVenkatPoolla"
"http://vit.academia.edu/BandiSailesh","https://independent.academia.edu/HemantSahal"
"http://vit.academia.edu/BandiSailesh","https://vit.academia.edu/AniruddhaPondhe"
"http://vit.academia.edu/BandiSailesh","https://independent.academia.edu/SaiNadimpalli"
"http://vit.academia.edu/BandiSailesh","https://stanford.academia.edu/AlexanderVelikiy"
"http://vit.academia.edu/BandiSailesh","https://vit.academia.edu/pviswanathan"
"http://vit.academia.edu/BandiSailesh","http://vit.academia.edu/niteshkumar"
"http://vit.academia.edu/BandiSailesh","https://vit.academia.edu/yuvrajbeegala"
"http://vit.academia.edu/BandiSailesh","https://vit.academia.edu/AnkitaBihani"
"http://vit.academia.edu/BandiSailesh","https://vit.academia.edu/AnirudhReddy"
"http://vit.academia.edu/BandiSailesh","https://vit.academia.edu/AnoojRaj"
"http://vit.academia.edu/BandiSailesh","https://utdallas.academia.edu/RohitCh"
"http://vit.academia.edu/BandiSailesh","http://vit.academia.edu/ShobhitVerma"
"http://vit.academia.edu/BandiSailesh","https://independent.academia.edu/AyushChoudhary"
"http://vit.academia.edu/BandiSailesh","https://independent.academia.edu/KrishnaGanesh"
"http://vit.academia.edu/BandiSailesh","https://independent.academia.edu/SrikanthReddy70"
"http://vit.academia.edu/BandiSailesh","https://vit.academia.edu/RRaj"
"http://vit.academia.edu/BandiSailesh","https://independent.academia.edu/KhushSaluja"
"http://vit.academia.edu/BandiSailesh","http://independent.academia.edu/SivaRevanth"
"http://vit.academia.edu/BandiSailesh","http://independent.academia.edu/AkshatGoel"
"http://vit.academia.edu/BandiSailesh","https://independent.academia.edu/AyushAgarwal35"
"http://vit.academia.edu/BandiSailesh","http://umonash-my.academia.edu/JMukundNilakantan"
"http://vit.academia.edu/BandiSailesh","https://vit.academia.edu/RohitRao"
"http://vit.academia.edu/BandiSailesh","https://independent.academia.edu/ArchitGupta"
"http://vit.academia.edu/BandiSailesh","https://vit.academia.edu/JayanthKumar"
"http://vit.academia.edu/BandiSailesh","https://vit.academia.edu/SaikiranChandha"
"http://vit.academia.edu/BandiSailesh","http://independent.academia.edu/AmitabhMishra"
"http://vit.academia.edu/BandiSailesh","https://independent.academia.edu/AgarwalKushagra"
"http://vit.academia.edu/BandiSailesh","https://vit.academia.edu/PriyankaSadananda"
"http://vit.academia.edu/BandiSailesh","http://independent.academia.edu/ChinniMahesh"
"http://vit.academia.edu/BandiSailesh","https://vit.academia.edu/RohitChand"
"http://vit.academia.edu/BandiSailesh","https://vit.academia.edu/SunilRana"
"http://vit.academia.edu/BandiSailesh","http://vit.academia.edu/ASingh"
"http://vit.academia.edu/BandiSailesh","https://vit.academia.edu/VarunMetlapalli"
"http://vit.academia.edu/BandiSailesh","http://annauniv.academia.edu/selvakumarkamalanathan"
"http://vit.academia.edu/BandiSailesh","https://vit.academia.edu/AGaffar"
"http://vit.academia.edu/BandiSailesh","http://independent.academia.edu/KrishnasaiGudavalli"
"http://vit.academia.edu/BandiSailesh","http://independent.academia.edu/VivekYerubandi"
"http://vit.academia.edu/BandiSailesh","https://independent.academia.edu/TuhinTiwari"
"http://vit.academia.edu/BandiSailesh","https://independent.academia.edu/VivekChetty"
"http://vit.academia.edu/BandiSailesh","https://vit.academia.edu/GauravPandey"
"http://vit.academia.edu/BandiSailesh","http://asu.academia.edu/AkarshCholaveti"
"http://vit.academia.edu/BandiSailesh","https://independent.academia.edu/MubashirHamid"
"http://vit.academia.edu/BandiSailesh","http://rutgers-nj.academia.edu/RaaviManoj"
"http://vit.academia.edu/BandiSailesh","http://independent.academia.edu/AbbasMazhar"
"http://vit.academia.edu/BandiSailesh","https://independent.academia.edu/SahithiPinnamaneni"
"http://vit.academia.edu/BandiSailesh","http://vit.academia.edu/KarthikeyanB"
"http://vit.academia.edu/BandiSailesh","https://independent.academia.edu/PrithviMonangi"
"http://vit.academia.edu/BandiSailesh","http://vit.academia.edu/ArunaElangovan"
"http://vit.academia.edu/BandiSailesh","https://vit.academia.edu/DileeshAluri"
"http://vit.academia.edu/BandiSailesh","https://independent.academia.edu/RamCharan7"
"http://vit.academia.edu/BandiSailesh","https://vit.academia.edu/PraveenDominic"
"http://vit.academia.edu/BandiSailesh","https://vit.academia.edu/AditiMahajan"
"http://vit.academia.edu/BandiSailesh","https://vit.academia.edu/SitaramarajuGangisetty"
"http://vit.academia.edu/BandiSailesh","https://scu.academia.edu/PragneshVajram"
"http://vit.academia.edu/BandiSailesh","https://vit.academia.edu/AmithYerukola"
"http://vit.academia.edu/BandiSailesh","http://vit.academia.edu/Pankajkeshri"
"http://vit.academia.edu/BandiSailesh","https://vit.academia.edu/VarmaPraneethR"
"http://vit.academia.edu/BandiSailesh","http://independent.academia.edu/ReddyChandrakanth"
"http://vit.academia.edu/BandiSailesh","https://independent.academia.edu/DeepanshuDhingra"
"http://vit.academia.edu/BandiSailesh","http://vit.academia.edu/SandeshSai"
"http://vit.academia.edu/BandiSailesh","http://vellore.academia.edu/BharathIlaya"
"http://vit.academia.edu/BandiSailesh","https://independent.academia.edu/MaheshMast"
"http://vit.academia.edu/BandiSailesh","https://vit.academia.edu/StutiMehrotra"
"http://vit.academia.edu/BandiSailesh","https://vit.academia.edu/vamshikrishna"
"http://vit.academia.edu/BandiSailesh","https://vit.academia.edu/KaranDesai"
"http://vit.academia.edu/BandiSailesh","https://jsspharma.academia.edu/SereneMaya"
"http://vit.academia.edu/BandiSailesh","https://independent.academia.edu/VatsalGarg"
"http://vit.academia.edu/BandiSailesh","https://vit.academia.edu/MadhuSudhan"
"http://vit.academia.edu/BandiSailesh","https://independent.academia.edu/ShaktiSwaroopReddyMylavaram"
"http://vit.academia.edu/BandiSailesh","http://independent.academia.edu/ShivaPodugu"
"http://vit.academia.edu/BandiSailesh","https://vit.academia.edu/PraneethAmbati"
"http://vit.academia.edu/BandiSailesh","https://vit.academia.edu/TanveerAhmed"
"http://vit.academia.edu/BandiSailesh","https://vit.academia.edu/RajKumarM"
"http://vit.academia.edu/BandiSailesh","https://vit.academia.edu/BalaPrasanth"
"http://vit.academia.edu/BandiSailesh","http://vit.academia.edu/AnkithReddy"
"http://vit.academia.edu/BandiSailesh","https://independent.academia.edu/AyushKumar5"
"http://vit.academia.edu/BandiSailesh","https://independent.academia.edu/sabareshkumar"
"http://vit.academia.edu/BandiSailesh","https://vit.academia.edu/lalityareddy"
"http://vit.academia.edu/BandiSailesh","https://independent.academia.edu/VivekAnchalia"
"http://vit.academia.edu/BandiSailesh","http://independent.academia.edu/MeghanaRachamreddy"
"http://vit.academia.edu/BandiSailesh","https://independent.academia.edu/ijmpictjournal"
"http://vit.academia.edu/BandiSailesh","http://independent.academia.edu/DineshKumar196"
"http://vit.academia.edu/BandiSailesh","https://vit.academia.edu/mohanvamsi"
"http://vit.academia.edu/BandiSailesh","https://independent.academia.edu/HarshithGadiraju"
"http://vit.academia.edu/BandiSailesh","https://independent.academia.edu/RashiGarg4"
"http://vit.academia.edu/BandiSailesh","http://unom.academia.edu/AJSharma"
"http://vit.academia.edu/BandiSailesh","https://marshall.academia.edu/rajeshkodali"
"http://vit.academia.edu/BandiSailesh","https://saurabhjha.academia.edu/VishnuSidharthan"
"http://vit.academia.edu/BandiSailesh","https://independent.academia.edu/RachanaPottem"
"http://vit.academia.edu/BandiSailesh","https://independent.academia.edu/AasreshYalavarthi"
"http://vit.academia.edu/BandiSailesh","https://vit.academia.edu/JawaharTpt"
"http://vit.academia.edu/BandiSailesh","https://independent.academia.edu/ManojRavi"
"http://vit.academia.edu/BandiSailesh","https://independent.academia.edu/MadhuMast"
"http://vit.academia.edu/BandiSailesh","https://vit.academia.edu/SaqibRashid"
"http://vit.academia.edu/BandiSailesh","https://edinburgh.academia.edu/KarthikSrinivasan"
"http://vit.academia.edu/BandiSailesh","https://rajivgandhipetroleum.academia.edu/KUMARKUSHAGRA"
"http://vit.academia.edu/BandiSailesh","https://independent.academia.edu/SreethaGhanta"
"http://vit.academia.edu/BandiSailesh","http://vit.academia.edu/AnshulJain"
"http://vit.academia.edu/BandiSailesh","https://vit.academia.edu/katarishravani"
"http://vit.academia.edu/BandiSailesh","https://vit.academia.edu/AjayPratapSingh"
"http://vit.academia.edu/BandiSailesh","//independent.academia.edu/PavanKumar529"
"http://vit.academia.edu/BandiSailesh","https://independent.academia.edu/BharathKalyan"
"http://vit.academia.edu/BandiSailesh","https://independent.academia.edu/RuthweshArgulwar"
"http://vit.academia.edu/BandiSailesh","http://vit.academia.edu/AravindRk"
"http://vit.academia.edu/BandiSailesh","https://independent.academia.edu/MusaBhat"
"http://vit.academia.edu/BandiSailesh","https://independent.academia.edu/YamunaSmiley"
"http://vit.academia.edu/BandiSailesh","https://rgpv.academia.edu/AwadheshDixit"
"http://vit.academia.edu/BandiSailesh","https://mg.academia.edu/SantoshTanuku"
"http://vit.academia.edu/BandiSailesh","http://independent.academia.edu/SindhuAtluri"
"http://vit.academia.edu/BandiSailesh","https://independent.academia.edu/KishoreChinni"
"http://vit.academia.edu/BandiSailesh","https://jntuh.academia.edu/NaniEstrellaDelRock"
"http://vit.academia.edu/BandiSailesh","https://independent.academia.edu/keerthichow"
