"https://independent.academia.edu/SahithiPinnamaneni","964"
"https://iitkgp-in.academia.edu/JamesPiter","797"
"http://vit.academia.edu/BadriPanda","79"
"http://independent.academia.edu/KonetiJagadish","246"
"http://independent.academia.edu/SaiAnanthnagKanchinadham","406"
"https://independent.academia.edu/MubashirHamid","727"
"https://vit.academia.edu/Abhiseksamal","791"
"http://t.academia.edu/NeeharikaNice","554"
"http://independent.academia.edu/SurbhiAggarwal7","290"
"https://independent.academia.edu/MounikaJayachandra","487"
"http://umonash-my.academia.edu/JMukundNilakantan","943"
"http://vit.academia.edu/NehaTekriwal","830"
"http://independent.academia.edu/ManuNerella","42"
"http://independent.academia.edu/monikasharma14","155"
"http://independent.academia.edu/BhaskarPal","714"
"http://gitam.academia.edu/SivaPrasad","490"
"http://independent.academia.edu/Aman%C3%9FUniq","504"
"https://gitam.academia.edu/AkhilPothula","456"
"http://independent.academia.edu/RevanthReddy4","407"
"http://independent.academia.edu/bhargavram3","643"
"http://independent.academia.edu/HansSiagian","694"
"https://independent.academia.edu/VishwanathSai","362"
"http://gitam.academia.edu/SagarKumar","471"
"http://vit.academia.edu/sayakkonar","66"
"http://mumbaiunivercity.academia.edu/sunilyadav","607"
"http://independent.academia.edu/SreekanthDamodaran","73"
"https://independent.academia.edu/SamanthChintalapudi","389"
"http://vit.academia.edu/Manojv","856"
"http://vit.academia.edu/ArunaElangovan","967"
"http://independent.academia.edu/KrishnaVinayGembali","262"
"https://jntuh.academia.edu/SrinathGoud","270"
"http://amity.academia.edu/VemuriVamseedhara","106"
"https://gitam.academia.edu/SrikarMutnuri","337"
"http://independent.academia.edu/KrishnasaiGudavalli","957"
"https://independent.academia.edu/KoushikReddy9","428"
"http://iisc.academia.edu/venkateshsasanapuri","11"
"http://sjsu.academia.edu/ArjunShah","840"
"https://independent.academia.edu/SaitejaMalyala","321"
"https://independent.academia.edu/ShwetankMistry","263"
"http://independent.academia.edu/NitiBumia","876"
"http://independent.academia.edu/NitheshKumar3","58"
"https://independent.academia.edu/sabareshkumar","995"
"https://msitcollege.academia.edu/AvikMishra","709"
"http://independent.academia.edu/imranimarn","903"
"https://gitam.academia.edu/SaiBharadwaj","360"
"https://independent.academia.edu/PsRohith","378"
"http://independent.academia.edu/JaganKotturu","75"
"https://vit.academia.edu/AnujVerma","695"
"https://vit.academia.edu/AGaffar","956"
"http://independent.academia.edu/PurushothamBaskarla","459"
"https://vit.academia.edu/VarmaPraneethR","976"
"https://independent.academia.edu/ravijha7","317"
"https://vit.academia.edu/RRaj","938"
"http://independent.academia.edu/KartikeyaUpreti","585"
"http://nyu.academia.edu/NvkSatish","126"
"https://independent.academia.edu/MrinalGaurav","452"
"http://htw-berlin.academia.edu/AparnaAjayan","174"
"http://vtu.academia.edu/indusekhark","611"
"https://iiit-h.academia.edu/HarishMudimela","318"
"http://independent.academia.edu/ShekharSaurav","617"
"http://iitm.academia.edu/prongs","537"
"http://independent.academia.edu/PavanMsd","37"
"https://independent.academia.edu/MayurKurhade","426"
"http://hithaldia.academia.edu/ABHISHEKKUMAR","746"
"https://independent.academia.edu/RakshithReddy","346"
"http://iisc.academia.edu/madhukesav","565"
"http://vit.academia.edu/SandeshSai","979"
"http://nitk.academia.edu/RaviKiran","424"
"http://iitbhu.academia.edu/PrakharBajpai","222"
"http://independent.academia.edu/KrishnaPusuluri","282"
"http://independent.academia.edu/ParekhKunal","152"
"https://independent.academia.edu/SantoshChowdary","351"
"http://vit.academia.edu/RaghuRam","33"
"https://independent.academia.edu/AnnuAravind","518"
"https://independent.academia.edu/ImranKhan556","423"
"http://iitm.academia.edu/prashanthp","639"
"https://utah.academia.edu/AKishanSupreet","334"
"http://rit.academia.edu/AmogRajenderan","826"
"https://independent.academia.edu/MayurPole","211"
"http://independent.academia.edu/humammhmd","676"
"http://independent.academia.edu/AmineChe","672"
"https://independent.academia.edu/AnkurDixit3","737"
"https://independent.academia.edu/MaheshMast","981"
"http://vit.academia.edu/KarthikeyanB","965"
"http://andhrauniversity.academia.edu/SrikanthVemulakonda","13"
"http://independent.academia.edu/KrishJagirdar","884"
"http://bitmesra.academia.edu/VinitPoddar","651"
"http://independent.academia.edu/TiruNagaRajaVenkat","57"
"http://vit.academia.edu/NikitaGupta","817"
"http://gitam.academia.edu/ManojkantChalla","440"
"http://independent.academia.edu/sazidkhan2","664"
"https://independent.academia.edu/KhushSaluja","939"
"https://saurabhjha.academia.edu/sujanbolisetti","774"
"http://independent.academia.edu/JagratiDangayach","913"
"http://independent.academia.edu/SBist","496"
"http://independent.academia.edu/DhruvDesai","859"
"https://independent.academia.edu/KarthikeyanSivashanmugam","679"
"https://vit.academia.edu/SitaramarajuGangisetty","972"
"http://asu.academia.edu/AravindKumarReddyYempada","1"
"https://independent.academia.edu/VivekChetty","960"
"http://independent.academia.edu/CharanThej","293"
"https://vit.academia.edu/AshishPattanayak","748"
"http://spruz.academia.edu/KyawKo","609"
"https://ernrt.academia.edu/RavindraVutukuru","689"
"https://iimbangalore.academia.edu/MohdQasim","214"
"https://gitam.academia.edu/ARafa","434"
"http://independent.academia.edu/RushitaaGupta","846"
"https://independent.academia.edu/RajKiran31","328"
"http://independent.academia.edu/VamsiViswanadha","401"
"http://cafe-acoustic.academia.edu/sulhamsosek","558"
"http://independent.academia.edu/DevakiGhose","193"
"http://du-in.academia.edu/ArjunGoyal","536"
"https://umich.academia.edu/VivekRaju","477"
"https://coep.academia.edu/AniketPatole","405"
"http://andhrauniversity.academia.edu/RaviKanthReddySathi","311"
"https://independent.academia.edu/NavneetSingh11","212"
"http://independent.academia.edu/H%E1%BA%A3iTri%E1%BB%81uNguy%E1%BB%85n","813"
"//gitam.academia.edu/pradyumnasaripalli","524"
"http://independent.academia.edu/VenkataSubramaniam","44"
"http://independent.academia.edu/SandeepAchanta","398"
"https://independent.academia.edu/ChaitanyaDadhich","447"
"https://independent.academia.edu/RaghavendraRaghav","743"
"https://independent.academia.edu/ChintaAnudeep","367"
"https://independent.academia.edu/AgarwalKushagra","949"
"https://vit.academia.edu/SowmyaP","803"
"https://independent.academia.edu/SujithReddy1","449"
"https://independent.academia.edu/KrishnaKrish16","520"
"http://bitmesra.academia.edu/AMITDIXIT","595"
"http://independent.academia.edu/RushikeshGanne","468"
"http://florida.academia.edu/SantoshMadiraju","251"
"http://independent.academia.edu/LatikaWadhwani","50"
"https://gitam.academia.edu/VajjaGopal","475"
"https://independent.academia.edu/BajiSharian","470"
"https://independent.academia.edu/AbhishekJain","755"
"http://independent.academia.edu/NaiduKA","3"
"https://independent.academia.edu/ManishMatter","502"
"https://independent.academia.edu/RishikRaavi","377"
"https://vit.academia.edu/TanveerAhmed","990"
"http://iipm.academia.edu/ResuReddy","45"
"https://independent.academia.edu/RavikiranAamAadmi","413"
"https://independent.academia.edu/SaheliDe1","680"
"http://independent.academia.edu/PiyushAgarwal11","383"
"https://wichita.academia.edu/AsadHashmi","799"
"http://independent.academia.edu/PoojithaRudraraju","492"
"http://bits-goa.academia.edu/VijayKumar","229"
"https://independent.academia.edu/RadhaKrishna41","225"
"http://independent.academia.edu/ManeeshReddy","125"
"http://independent.academia.edu/SandeepTangirala","249"
"http://independent.academia.edu/JamesJim3","570"
"http://independent.academia.edu/AllalBoumediene","677"
"https://vit.academia.edu/RajAgrawal","740"
"http://kluniversity.academia.edu/sudheerkumar","658"
"https://gitam.academia.edu/RVarma","301"
"http://independent.academia.edu/PrasadDhana","94"
"https://independent.academia.edu/NithinManakkat","172"
"http://independent.academia.edu/AbhishekMaheshwari4","640"
"https://vit.academia.edu/PraveenDominic","970"
"https://iitb.academia.edu/HimanshuJaiswal","721"
"https://vit.academia.edu/KaranDesai","751"
"http://etf.academia.edu/PeroPeric","916"
"http://mona-uwi.academia.edu/ChinmayaNatarajan","281"
"http://utdallas.academia.edu/RohitCh","20"
"http://gitam.academia.edu/likhithakatikeneni","381"
"http://independent.academia.edu/TianZhang5","239"
"http://independent.academia.edu/PavanKumar177","82"
"https://vsb.academia.edu/MiralemMehic","893"
"http://independent.academia.edu/AshokNimmala","269"
"http://independent.academia.edu/ThumatiDeepak","93"
"http://bitmesra.academia.edu/RakeshPalaparthi","576"
"http://lautech.academia.edu/IretioluwaOlawuyi","581"
"https://independent.academia.edu/RahulChatterjee5","744"
"https://independent.academia.edu/PadmajaSingh","750"
"https://vit.academia.edu/MonishaChandar","777"
"http://pondiuni.academia.edu/TarunVemulakonda","295"
"http://nitdp.academia.edu/SandhyaN","550"
"http://vit.academia.edu/TejEnosh","70"
"http://independent.academia.edu/RaghavIyer","143"
"https://gitam.academia.edu/KashyapKss","416"
"http://univpancasila.academia.edu/WhyyouReeza","665"
"http://virginia.academia.edu/SteveHudson","573"
"http://amie.academia.edu/ChandraSekharMarisetti","291"
"https://gitam.academia.edu/VikasCh","461"
"https://rajivgandhipetroleum.academia.edu/KUMARKUSHAGRA","1014"
"https://independent.academia.edu/KartikJandhyala","512"
"https://independent.academia.edu/AyyagariNageswaraRao","201"
"http://bitmesra.academia.edu/IndrajeetAzad","642"
"http://bitmesra.academia.edu/EeshanMitra","582"
"http://vit.academia.edu/VasuVasu","98"
"http://independent.academia.edu/NguyenThao10","907"
"http://jntua.academia.edu/KalaBandi","241"
"http://independent.academia.edu/madhuvinayk","654"
"https://jsspharma.academia.edu/SereneMaya","984"
"https://independent.academia.edu/LasithaPerera","197"
"http://khai.academia.edu/JithinSajeevan","620"
"https://ernrt.academia.edu/MaitreyiYellapragada","164"
"http://amrita.academia.edu/sridharankrishnan","255"
"https://vignanuniversity.academia.edu/AmbareeshJonnavittula","466"
"https://vit.academia.edu/vamshikrishna","983"
"https://iisc.academia.edu/renujose","274"
"http://independent.academia.edu/VikramBehera","178"
"http://independent.academia.edu/GhoshRimi","124"
"https://independent.academia.edu/JimSam","790"
"https://independent.academia.edu/PavanAddepalli","340"
"https://independent.academia.edu/RuthweshArgulwar","1021"
"http://independent.academia.edu/GiriPrasad1","109"
"https://independent.academia.edu/YamunaSmiley","1024"
"http://independent.academia.edu/KavyaRavavarapu","862"
"http://iium.academia.edu/ArifuzzamanRahat","561"
"http://spjimr.academia.edu/SandeepBotcha","288"
"https://ashokauniversity.academia.edu/VPrasath","27"
"https://independent.academia.edu/KANCHIGUPTA1","168"
"http://independent.academia.edu/KVelaga","248"
"https://andhrauniversity.academia.edu/srinivasnagmandali","304"
"http://gitam.academia.edu/SahajSunny","503"
"http://independent.academia.edu/SudhakarReddy19","508"
"https://independent.academia.edu/DasManab","723"
"http://independent.academia.edu/WasifAhmedZubair","479"
"http://independent.academia.edu/TejaH","610"
"http://imt.academia.edu/ShreyanshMehta","819"
"http://ccetvbt.academia.edu/RajanChandi","154"
"http://independent.academia.edu/RachanaPottem","84"
"https://independent.academia.edu/KalyanSrinivas1","385"
"https://independent.academia.edu/SreethaGhanta","1015"
"https://vit.academia.edu/DheerajRajagopal","728"
"https://independent.academia.edu/JainIshan","153"
"http://independent.academia.edu/NikhilDevareddy","60"
"https://vit.academia.edu/MohitBhasin","782"
"http://bitmesra.academia.edu/sidharathaagarwal","599"
"http://independent.academia.edu/TasleemAhmed1","97"
"http://independent.academia.edu/GopikishoreM","908"
"http://buruniv.academia.edu/mousumibiswas","208"
"https://vit.academia.edu/JayanthKumar","946"
"http://nanyang.academia.edu/ThomasJohn","236"
"http://independent.academia.edu/ravikirankaranam","901"
"http://ciitlahore.academia.edu/GIBRANKHALEEQ","909"
"http://vit.academia.edu/RajatPandey","886"
"http://independent.academia.edu/SunilKhayur","567"
"http://azimpremjiuniversity.academia.edu/VikashMadduri","313"
"http://independent.academia.edu/mohammedazizurrahmanrahman","627"
"http://independent.academia.edu/MoulayMadjid","668"
"http://bitmesra.academia.edu/VimalPrakash","641"
"https://bits-pilani.academia.edu/AmritPal","682"
"http://aalto-fi.academia.edu/sujilkodathoor","451"
"http://nottingham.academia.edu/ShwetaDesai","820"
"https://bradley.academia.edu/AnishSriram","513"
"https://nitt.academia.edu/AshokBandi","267"
"http://hcmuns.academia.edu/L%C3%AAH%C3%B2a","847"
"http://independent.academia.edu/RahulBatta","144"
"http://vit.academia.edu/AravindRk","1022"
"http://internationalmanagementnewdelhi.academia.edu/ChinmayMadan","29"
"http://independent.academia.edu/RamVel","910"
"https://independent.academia.edu/ShreemanSahu","473"
"https://titech.academia.edu/MilanKumarBera","789"
"https://wit.academia.edu/BaniSetiadi","681"
"https://independent.academia.edu/AyushKumar5","994"
"https://independent.academia.edu/ThrivikramLycan","374"
"http://independent.academia.edu/ChinniMahesh","708"
"http://lovely-professional-university.academia.edu/SubrahmanyamTanala","100"
"http://independent.academia.edu/AnishDesai","834"
"https://uncc.academia.edu/BhargavReddy","392"
"http://independent.academia.edu/MimMim1","902"
"https://gitam.academia.edu/BhargavChunduru","467"
"http://independent.academia.edu/ManishRanjan2","760"
"http://mg.academia.edu/SantoshTanuku","56"
"http://amity.academia.edu/SupriyaSushant","120"
"http://independent.academia.edu/ShramanaMandal","543"
"https://vit.academia.edu/RahulGodha","770"
"http://independent.academia.edu/MittalG","59"
"https://cutm.academia.edu/KrantadarshiPanigrahi","472"
"https://vit.academia.edu/katarishravani","1017"
"http://iimcal.academia.edu/KK","286"
"http://independent.academia.edu/TejBharath","283"
"http://kliuc.academia.edu/SofwanHssn","775"
"http://independent.academia.edu/AdityaBhairi","195"
"https://independent.academia.edu/SatyaChandu","425"
"https://vit.academia.edu/lalityareddy","996"
"https://independent.academia.edu/SaiBhargavKanagala","394"
"http://independent.academia.edu/LeopoldoGuterres","892"
"https://vit.academia.edu/DileeshAluri","968"
"https://independent.academia.edu/RaviKumar199","500"
"https://edhec.academia.edu/LucieArgelies","300"
"http://independent.academia.edu/TariroKazembe","912"
"http://concordia-ab.academia.edu/ChakitGarg","879"
"http://amrita.academia.edu/SravanBharadwaja","253"
"http://independent.academia.edu/ManmohanPrakash","410"
"https://independent.academia.edu/ChandraSekharAkkapeddi","497"
"http://vit.academia.edu/yuvrajbeegala","19"
"https://vit.academia.edu/RoopeshEnamadiSetty","345"
"https://vit.academia.edu/yuvrajbeegala","929"
"http://independent.academia.edu/ParthMehta1","867"
"https://independent.academia.edu/PasquangelaSpissu","192"
"http://svu-in.academia.edu/AdithyaAvvaru","204"
"http://gitam.academia.edu/Sandeepkandukuri","71"
"http://independent.academia.edu/PratikBarjatiya","159"
"https://bits-hyderabad.academia.edu/BiswaPrasannaMishra","697"
"http://independent.academia.edu/BharathKumar173","161"
"https://nalsar.academia.edu/VensyKrishna","326"
"http://independent.academia.edu/PoojaDesai","845"
"http://independent.academia.edu/SushmitaDas2","296"
"https://vit.academia.edu/AniruddhaPondhe","684"
"http://independent.academia.edu/AnindyaMaiti","16"
"http://independent.academia.edu/DeepakRam4","430"
"http://nliu.academia.edu/PrasunNaidu","833"
"https://independent.academia.edu/ShetanshuDikshit","703"
"https://independent.academia.edu/ShariqSa","344"
"https://iiit.academia.edu/RavitejaKoneru","370"
"http://imt.academia.edu/AmritanshuMehra","854"
"http://iitbhu.academia.edu/PramodhKotipalli","8"
"https://independent.academia.edu/jobsiit","221"
"http://pucit.academia.edu/usmanabbas","629"
"https://independent.academia.edu/KishoreChinni","1028"
"http://vit.academia.edu/Abhiseksamal","873"
"http://sastra.academia.edu/AbhishekBagusetty","606"
"https://independent.academia.edu/ArunBiotech","734"
"http://independent.academia.edu/Ankit","145"
"https://gitam.academia.edu/asrsmunna","368"
"http://gitam.academia.edu/ManojM","557"
"http://independent.academia.edu/dilipkumar89","5"
"http://independent.academia.edu/HarshShah46","838"
"http://iitd.academia.edu/MohanRao","284"
"http://smude.academia.edu/NanaKwameGyamfi","818"
"http://independent.academia.edu/KshitijGupta2","122"
"http://jnafau.academia.edu/AkshatSharma","809"
"http://bitmesra.academia.edu/AdityaUjjwal","578"
"http://independent.academia.edu/VarunSrivatsan","139"
"http://gitam.academia.edu/sudhirkumar","655"
"http://independent.academia.edu/LeelaPrasad1","593"
"http://independent.academia.edu/DasaradhCherukuri","419"
"http://independent.academia.edu/BagusHjihad","535"
"http://bitmesra.academia.edu/kaushikreddyJANGA","547"
"http://bitmesra.academia.edu/DeepParikh","555"
"https://independent.academia.edu/keerthichow","1030"
"http://kiit.academia.edu/PawanSingh","294"
"http://independent.academia.edu/HimanshuAgarwal24","563"
"http://vit.academia.edu/NagarjunR","72"
"https://vit.academia.edu/AjayPratapSingh","1018"
"https://ipeindia.academia.edu/RameshBilla","395"
"http://amity.academia.edu/DeviArchanaDas","133"
"http://independent.academia.edu/BhavanaGuntur","747"
"https://independent.academia.edu/AniruddhSingh","736"
"https://gitam.academia.edu/SukhneetKaur","408"
"http://srmuniv.academia.edu/GopiKrishna","254"
"http://cbmc.academia.edu/Syed_ShaneRaza","481"
"http://wub.academia.edu/MdAfsarUddinRafi","534"
"https://independent.academia.edu/ZechaNovianti","303"
"http://iitm.academia.edu/PradeepKotipalli","245"
"http://gitam.academia.edu/AparajithaVaranasi","486"
"http://independent.academia.edu/PaoloDIsanto","202"
"https://gitam.academia.edu/RoopeshReddyAnreddy","441"
"http://independent.academia.edu/SudeshnaPatnaik","657"
"http://andhrauniversity.academia.edu/SravyaK","421"
"https://iitd.academia.edu/MohanRao","266"
"http://amity.academia.edu/manishtripathi","123"
"https://independent.academia.edu/ShaktiSwaroopReddyMylavaram","987"
"http://independent.academia.edu/NatalyaStefanides","548"
"https://vit.academia.edu/PrashantDwivedi","688"
"https://independent.academia.edu/WaVish","422"
"http://independent.academia.edu/AmitabhMishra","948"
"https://iitkgp.academia.edu/LavishKumarSingh","706"
"//gitam.academia.edu/BSNMUrthy","363"
"http://independent.academia.edu/SiddharthaReddy","577"
"http://coventry.academia.edu/RajivSushanth","619"
"http://amity.academia.edu/PrudhviTej","4"
"http://independent.academia.edu/AmrendraKumar10","226"
"https://wbutech.academia.edu/AnimeshBehera","741"
"https://vit.academia.edu/DrSasikumarSwamiappan","919"
"https://independent.academia.edu/AnishReddy","327"
"https://independent.academia.edu/TharunManchika","446"
"http://independent.academia.edu/OtaruNathaniel","887"
"http://nitie.academia.edu/ALiptSaxena","829"
"https://independent.academia.edu/ChandniGupta","505"
"http://vit.academia.edu/LOGESHSRINIVASAN","35"
"http://jntuhceh.academia.edu/UdayKumar","271"
"http://manipal.academia.edu/mthakur","528"
"http://mst.academia.edu/KrishnaN","162"
"http://iitb.academia.edu/NeelShah","825"
"http://kluniversity.academia.edu/gangaraotalatam","568"
"//independent.academia.edu/PavanKumar529","1019"
"http://nerist.academia.edu/shantanughosal","604"
"http://iimcal.academia.edu/chaithanyaPadi","12"
"http://annauniv.academia.edu/selvakumarkamalanathan","955"
"http://rutgers-nj.academia.edu/RaaviManoj","962"
"https://independent.academia.edu/MusaBhat","1023"
"http://annauniv.academia.edu/MathuMeenaP","851"
"https://vit.academia.edu/mohanvamsi","1001"
"https://mg.academia.edu/SantoshTanuku","1026"
"http://cvr.academia.edu/SreekanthAchary","285"
"http://vit.academia.edu/AnantGupta","807"
"http://bitmesra.academia.edu/VivekSinha","575"
"https://independent.academia.edu/LeelaYanamaddi","306"
"http://independent.academia.edu/DineshKumar196","1000"
"https://independent.academia.edu/AasreshYalavarthi","1008"
"https://independent.academia.edu/UmeshTalasila","382"
"https://vit.academia.edu/maheshagrawal","785"
"http://independent.academia.edu/ManuShah","758"
"https://independent.academia.edu/ShantanuPandharkar","177"
"https://gitam.academia.edu/KonidinaMounaChandra","491"
"http://independent.academia.edu/ReddyChandrakanth","977"
"https://stanford.academia.edu/AlexanderVelikiy","927"
"http://na-na.academia.edu/SriHarsha","347"
"https://saurabhjha.academia.edu/VishnuSidharthan","1006"
"http://independent.academia.edu/AshishAgarwal5","150"
"http://bitmesra.academia.edu/UpendraKumar","583"
"http://independent.academia.edu/AshishVashisth","147"
"http://yale.academia.edu/osmanowjerry","648"
"http://independent.academia.edu/BenMartoSiallagan","669"
"http://independent.academia.edu/NThorat","180"
"http://independent.academia.edu/MuthuKumaran53","69"
"http://iiml.academia.edu/SwethaT","646"
"https://amrita.academia.edu/EswarGantasala","32"
"https://iiit-h.academia.edu/SrutiRallapalli","314"
"https://vit.academia.edu/PriyankaSadananda","950"
"http://independent.academia.edu/KaranveerDhingra","83"
"http://independent.academia.edu/VinhNguyen15","917"
"http://independent.academia.edu/PriyankaGoyal4","848"
"http://annauniv.academia.edu/LeelaKrishnan","670"
"http://independent.academia.edu/RavitejaVemulakonda","292"
"http://independent.academia.edu/NALLAPANENIMANOJKUMAR","316"
"https://vit.academia.edu/vincentPM","687"
"http://independent.academia.edu/VahidGhafori","875"
"https://independent.academia.edu/PruthviBhaskar","457"
"http://independent.academia.edu/HariKaranam","103"
"https://independent.academia.edu/SunilReddy13","798"
"https://wright.academia.edu/PraneethReddy","380"
"http://independent.academia.edu/JohnNoyce","191"
"https://edinburgh.academia.edu/KarthikSrinivasan","1013"
"http://iimcal.academia.edu/FrancisMinz","278"
"http://independent.academia.edu/ManognaRaj","431"
"http://amity.academia.edu/%D9%86%D8%B9%D9%8A%D9%85%D8%A7%D9%84%D8%B4%D9%8A%D8%AE","116"
"http://independent.academia.edu/PradeepImmidi","228"
"https://independent.academia.edu/ShekharSharma12","704"
"https://independent.academia.edu/SahajiPrathamesh","200"
"http://independent.academia.edu/SwatiSingh21","874"
"http://balabtechit.academia.edu/krishnasai","623"
"https://vit.academia.edu/VarunMetlapalli","954"
"http://independent.academia.edu/SYekkala","618"
"https://vit.academia.edu/RohitChand","951"
"http://independent.academia.edu/VishalVashista","182"
"https://iisc.academia.edu/NikhilVidhani","273"
"https://independent.academia.edu/HarshaDeep1","433"
"https://scu.academia.edu/PragneshVajram","973"
"http://isb.academia.edu/prashantsehgal","207"
"http://independent.academia.edu/JignyasSiripurapu","514"
"http://amrita.academia.edu/NavneethShashank","250"
"http://independent.academia.edu/KGovindRam","54"
"http://independent.academia.edu/SaiChandu1","429"
"http://independent.academia.edu/SudeshnaPande","142"
"http://nus.academia.edu/KamalaSrinivas","233"
"http://independent.academia.edu/AngadSingh","824"
"http://ntupk.academia.edu/ShoaibArif","527"
"https://independent.academia.edu/SimhadriKesapragada","205"
"https://lovely-professional-university.academia.edu/NikhilAryan","356"
"http://mu.academia.edu/Riteshchandnani","882"
"http://vit.academia.edu/ParasNarang","814"
"http://independent.academia.edu/GaneshGani3","612"
"https://independent.academia.edu/JatinKhandelwal","712"
"https://vit.academia.edu/pviswanathan","928"
"http://independent.academia.edu/AdarshAgrawal1","660"
"http://iitr-in.academia.edu/ManikBansal","68"
"http://independent.academia.edu/MohamedFarah","637"
"http://bitmesra.academia.edu/ayasranjan","538"
"http://gda.academia.edu/KevinBlake","667"
"http://iitm.academia.edu/ArunJebabooshan","243"
"http://vellore.academia.edu/SnehPrateek","866"
"http://independent.academia.edu/KrishnaGanesh","22"
"http://vit.academia.edu/ChandraMouliPVSSR","831"
"https://nitw.academia.edu/prudhvipotuganti","302"
"http://independent.academia.edu/ELKabiraELMjabber","541"
"http://independent.academia.edu/DevThacker","864"
"https://vit.academia.edu/AmiyaArnav","713"
"https://gitam.academia.edu/RajPraneethKnvm","375"
"http://iitm.academia.edu/Deepakcheekati","615"
"http://warwick.academia.edu/AbhinandanBalasubramanian","21"
"http://independent.academia.edu/DiwanshuBhutani","453"
"http://bisagunsa.academia.edu/ChingConejero","632"
"http://independent.academia.edu/SaurabhSingh17","863"
"http://independent.academia.edu/RahimanMubarak","601"
"http://annauniv.academia.edu/HarishRajagopalan","140"
"https://vit.academia.edu/RajKumarM","991"
"http://independent.academia.edu/EktaKapil","232"
"https://ernrt.academia.edu/ATANUBAG","705"
"https://independent.academia.edu/PrashantSARA","386"
"https://independent.academia.edu/AnuragSam","330"
"https://troy.academia.edu/SunielPasupuleti","348"
"http://vit.academia.edu/BandiSailesh","18"
"https://independent.academia.edu/SushmaRao3","305"
"https://iitbhui.academia.edu/RutujaChhajed","298"
"https://gitam.academia.edu/KumarPradeep","349"
"https://vit.academia.edu/AnoojRaj","932"
"http://iimcal.academia.edu/PRADEEPKUMARPOLISETTY","280"
"http://independent.academia.edu/VaibhavManchala","329"
"http://independent.academia.edu/PrasadShyam","114"
"https://gitam.academia.edu/jigneshtalasila","307"
"https://independent.academia.edu/ChandrasekharPolavarapu","444"
"http://vit.academia.edu/HimanBayan","64"
"http://independent.academia.edu/seleshiwale","650"
"http://independent.academia.edu/KishoreSiva","564"
"http://bitmesra.academia.edu/pradeep","15"
"https://independent.academia.edu/AlokMisra1","400"
"https://gre.academia.edu/SivazNkmurthy","765"
"http://vit.academia.edu/HarshLal","24"
"http://independent.academia.edu/SwatiChaudhary","119"
"https://vit.academia.edu/GauravPandey","961"
"http://seolocalresults.academia.edu/LennyMauricioGomez","671"
"http://independent.academia.edu/VijethaReddy","6"
"https://vit.academia.edu/StutiMehrotra","982"
"http://independent.academia.edu/SAgrawal","171"
"http://independent.academia.edu/HarishKrishna","259"
"http://independent.academia.edu/HSheth","828"
"http://independent.academia.edu/GeetimaRai","870"
"https://tiss.academia.edu/RajuKendre","332"
"http://indianveterinaryresearch.academia.edu/DrMdMoinAnsari","532"
"https://vit.academia.edu/AditiMahajan","971"
"https://vit.academia.edu/PraneethAmbati","989"
"http://independent.academia.edu/AnilJakkam","579"
"http://amity.academia.edu/SheetalKumar","132"
"http://nitj.academia.edu/AjayRoy","895"
"//teriuniversity.academia.edu/KoushikYanamandram","315"
"https://cept.academia.edu/ReeniSamuel","167"
"http://vit.academia.edu/ASingh","953"
"https://vit.academia.edu/AnirudhReddy","931"
"https://bradley.academia.edu/VinodKoralla","31"
"https://independent.academia.edu/AbhishekSanjapogu","464"
"http://mitindia.academia.edu/NAVANEETHAKRISHNANRAMANATHAN","897"
"https://independent.academia.edu/AmitKumar477","735"
"https://jntuh.academia.edu/NaniEstrellaDelRock","1029"
"http://cmu.academia.edu/AshrithaDurvasula","827"
"http://mouau.academia.edu/PhilipVincent","614"
"https://independent.academia.edu/PriyaPinky6","494"
"https://vit.academia.edu/ARoy","922"
"http://uh.academia.edu/RudraPratap","379"
"http://iiit-h.academia.edu/AnoopKumar","107"
"http://cmu.academia.edu/NithinAngri","822"
"http://independent.academia.edu/RupakSom","333"
"http://uncc.academia.edu/VinodKumarGone","10"
"http://msrsas.academia.edu/parampmd","587"
"http://tamucc.academia.edu/RahulBethi","256"
"https://independent.academia.edu/MurliChouhan","757"
"https://independent.academia.edu/SrikanthReddy70","937"
"http://vidyasagar.academia.edu/SubhamGupta","800"
"http://independent.academia.edu/ShivaPodugu","988"
"http://sikkimuniversity.academia.edu/dawasherpa","357"
"http://independent.academia.edu/SivaRevanth","940"
"http://independent.academia.edu/KartikPant1","914"
"https://independent.academia.edu/AdarshKumar3","338"
"http://independent.academia.edu/AishikChanda","716"
"http://independent.academia.edu/VictorJones1","131"
"http://independent.academia.edu/ManiRockzcs","85"
"http://nitt.academia.edu/DeepakGollu","89"
"http://independent.academia.edu/FelixManojh","277"
"http://gitam.academia.edu/NiranjanNIRU","580"
"http://uptu.academia.edu/samisingh","678"
"http://rsm.academia.edu/AdityaPutta","319"
"http://independent.academia.edu/SomeshKatta","199"
"http://independent.academia.edu/JaishivVaghela","839"
"https://independent.academia.edu/RakeshPrasanna","390"
"http://independent.academia.edu/PradeepKumar204","509"
"http://nitkkr-in.academia.edu/AnilBharadwajChivukula","77"
"http://cec.academia.edu/govindvarma","63"
"http://iitg-in.academia.edu/ravikiran","194"
"http://independent.academia.edu/KrisHaamer","529"
"http://independent.academia.edu/ManikantaRam","102"
"http://iimcal.academia.edu/ArpitVerma","275"
"http://jntuk.academia.edu/sahityaprasanna","638"
"http://iitm.academia.edu/SuryaTejaA","586"
"http://manchester.academia.edu/ShravanKarumanchi","732"
"http://greatlakes.academia.edu/SwaminathanTN","137"
"https://gitam.academia.edu/ShyamTenali","359"
"http://independent.academia.edu/GowthamNagadutt","279"
"http://vit.academia.edu/NKumar","871"
"https://independent.academia.edu/STammewar","175"
"http://independent.academia.edu/GaneshChand1","81"
"https://asu.academia.edu/AravindKumarReddyYempada","189"
"http://coventry.academia.edu/MohammedNadaf","594"
"http://independent.academia.edu/AnkurDixit3","841"
"https://independent.academia.edu/GouthamNarayan","420"
"http://independent.academia.edu/TejasModi","860"
"http://independent.academia.edu/PraveenKumar321","160"
"http://purdue.academia.edu/PulkitParikh","815"
"http://unom.academia.edu/AJSharma","1004"
"http://vit.academia.edu/RuchirPatwa","17"
"http://kongu.academia.edu/GOBIKARTHICKSUBRAMANIAM","231"
"http://bitmesra.academia.edu/shlokmishra","602"
"http://umass.academia.edu/aysezeynep","649"
"https://independent.academia.edu/MhSivakrishna","396"
"http://independent.academia.edu/GauravSinghal1","331"
"http://hs-karlsruhe.academia.edu/SriramMaddi","163"
"https://independent.academia.edu/NarlaRohan","445"
"http://independent.academia.edu/BhargavAmbati","560"
"http://iitm.academia.edu/SreeSubikshaReshikeshan","242"
"https://independent.academia.edu/NilanshuSharma","738"
"http://cuk-in.academia.edu/ShivajiBhandarkar","127"
"http://iitbombay.academia.edu/YeshwanthReddy","105"
"http://independent.academia.edu/JenkinWinston","67"
"http://bitmesra.academia.edu/RAHULK","559"
"http://independent.academia.edu/AkshatGoel","941"
"http://its.academia.edu/AfthonIlmanHudaIsyfi","530"
"http://independent.academia.edu/RamuPonneganti","51"
"https://gitam.academia.edu/AjayKontham","341"
"http://independent.academia.edu/SumaPemmaraju","289"
"http://independent.academia.edu/JawaharPatnaik","661"
"http://independent.academia.edu/RaviKumar479","96"
"https://independent.academia.edu/AbhishekPradhan8","324"
"http://vit.academia.edu/niteshkumar","692"
"http://independent.academia.edu/ArunKodnani","40"
"http://asu.academia.edu/VivekMahadevan","842"
"https://independent.academia.edu/SriRavindra","522"
"https://independent.academia.edu/ijmpictjournal","999"
"http://independent.academia.edu/KameshwarChembrolu","438"
"http://independent.academia.edu/SharathBabuGunturu","412"
"https://independent.academia.edu/HiteshKumar1","206"
"https://iitkgp.academia.edu/SukumarChandra","745"
"https://independent.academia.edu/SriHari","450"
"http://blogspot.academia.edu/AnirudhGali","48"
"http://greatlakes.academia.edu/RaghupatiJha","138"
"https://usheffield.academia.edu/ArjunRKrishna","686"
"http://iupui.academia.edu/BhargavAnand","252"
"http://independent.academia.edu/ShaarifZia","49"
"http://t.academia.edu/karthikeyankumaravel","590"
"http://independent.academia.edu/NaveenHoro","566"
"https://independent.academia.edu/ShounakDutta","729"
"http://independent.academia.edu/AbbasMazhar","963"
"http://amity.academia.edu/MushfiqSarfaraz","118"
"http://independent.academia.edu/ReddappaReddy","23"
"https://independent.academia.edu/VatsalGarg","985"
"http://gitam.academia.edu/ChiranjeeviJanjana","47"
"https://vit.academia.edu/DeepthiPallapati","739"
"http://sab.academia.edu/thiliniudakanda","911"
"https://nithamirpur.academia.edu/NagireddyBhanu","80"
"http://amity.academia.edu/trivenisyamala","134"
"https://ssims.academia.edu/KumarPasala","391"
"http://t.academia.edu/mayankpal","608"
"https://independent.academia.edu/ManiTDeep","435"
"https://uepg.academia.edu/RaisaJorge","454"
"http://vut.academia.edu/BoipeloMacucwa","244"
"https://independent.academia.edu/TuhinTiwari","959"
"http://gitam.academia.edu/SimhachalamPanduri","499"
"http://vit.academia.edu/SSamudrudu","88"
"https://independent.academia.edu/VenkatBudarapu","495"
"http://gmu.academia.edu/turgutluhuzurevi","652"
"https://gitam.academia.edu/ShivaNandh","427"
"https://icfaiuniversity.academia.edu/IndranilSinha","772"
"http://gla.academia.edu/ashwanishukla","656"
"https://independent.academia.edu/AyushChoudhary","935"
"http://independent.academia.edu/AshineGeberhana","625"
"https://cvr.academia.edu/rajeevkallempudi","272"
"https://independent.academia.edu/SubhamDasgupta","784"
"http://bitmesra.academia.edu/VishalAnand","647"
"http://independent.academia.edu/ArjunKapur","852"
"http://greatlakes.academia.edu/PankajNegi","148"
"http://bitmesra.academia.edu/ToshaliGupta","628"
"https://independent.academia.edu/HarshithGadiraju","1002"
"https://independent.academia.edu/SaiChebiyyam","489"
"http://independent.academia.edu/YashShah42","806"
"http://uakron.academia.edu/HariPrasadAmbaripeta","238"
"http://umich.academia.edu/UditGami","823"
"https://independent.academia.edu/SakthiVisalakshi","373"
"https://independent.academia.edu/NishanthChowdary","388"
"http://independent.academia.edu/PriyankaJagtap7","905"
"http://independent.academia.edu/davinderpreet","904"
"https://independent.academia.edu/VijayMohta","783"
"https://independent.academia.edu/ManojBobba","312"
"http://greatlakes.academia.edu/ChandanPalakshaShetty","156"
"http://bitmesra.academia.edu/anirudhbahuguna","584"
"http://independent.academia.edu/SaiSarathBabu","320"
"http://independent.academia.edu/RajaTumburu","264"
"https://iimidr.academia.edu/sandeepvemulakonda","217"
"http://nitw.academia.edu/chaitanyatummala","605"
"https://independent.academia.edu/PrithaKhetan","325"
"http://ggsipu.academia.edu/VipulSharma","880"
"https://independent.academia.edu/KumarSravanth","223"
"http://independent.academia.edu/IswaryaThiyagarajan","121"
"https://vit.academia.edu/JawaharTpt","1009"
"http://vit.academia.edu/AnkithReddy","993"
"http://amity.academia.edu/VarnitaRana","117"
"http://independent.academia.edu/DilshanSandeep","644"
"http://kedarunipune.academia.edu/ShradhaNambiar","184"
"http://independent.academia.edu/ASAS32","890"
"http://independent.academia.edu/maheshkumar58","62"
"http://independent.academia.edu/StanleyBoswell","129"
"https://gitam.academia.edu/AlekhyaAdabala","339"
"http://isae.academia.edu/mohanchenjietuisaefr","600"
"http://iim.academia.edu/TejaTJ","597"
"https://independent.academia.edu/NarendraBabu23","510"
"http://independent.academia.edu/TejeshNegi","626"
"http://independent.academia.edu/AlemayehuMulugeta","894"
"http://independent.academia.edu/AbujhTamim","569"
"https://vnit.academia.edu/ShrabanaDas","166"
"https://gitam.academia.edu/SudhaBala","352"
"https://independent.academia.edu/PavanTejaNaguluri","455"
"https://independent.academia.edu/KrishnaPusuluri","7"
"http://independent.academia.edu/JohnWong37","885"
"http://bitmesra.academia.edu/ShaileshKejriwal","603"
"https://independent.academia.edu/RamCharan7","969"
"http://iitr.academia.edu/HarryBedi","78"
"http://nitw.academia.edu/sasibhushanmuttada","621"
"http://amity.academia.edu/vverma","653"
"http://wright.academia.edu/tejaspandanajosyula","488"
"https://independent.academia.edu/PrithviSahukar","476"
"https://iitkgp.academia.edu/NishantGupta","767"
"http://amity.academia.edu/AkhshayBhadwal","112"
"https://independent.academia.edu/SaiNadimpalli","926"
"https://independent.academia.edu/VikkiBagadi","523"
"http://fms.academia.edu/TulasiBoddeti","276"
"https://independent.academia.edu/PrithviMonangi","966"
"http://vit.academia.edu/ShashankSrivastava","836"
"http://independent.academia.edu/ChandraSekharNavari","516"
"http://independent.academia.edu/RaoPrashanth","90"
"http://independent.academia.edu/SatyaChirravuri","46"
"http://ucet.academia.edu/InternationalResearchAnalysisandEvaluationIndexedResearchJournal","622"
"https://iitkgp.academia.edu/SubhasisMahata","722"
"http://vit.academia.edu/PrateekTandon","730"
"https://independent.academia.edu/KrishnaGanesh","936"
"https://wichita.academia.edu/KushalDave","794"
"http://isb.academia.edu/sandeepkotha","203"
"http://independent.academia.edu/kauamavaega","673"
"http://independent.academia.edu/NikhilTilwani","810"
"https://vit.academia.edu/AbhishekAgarwal","792"
"http://amie.academia.edu/KarishmaRajpal","843"
"http://rguhs.academia.edu/ArumugamArun","900"
"https://gitam.academia.edu/sandeepvarma","350"
"https://vit.academia.edu/SunilRana","952"
"https://independent.academia.edu/HarshaSabbati","183"
"http://amrita.academia.edu/RahulMaddikunta","260"
"https://gitam.academia.edu/keerthireddy","397"
"http://independent.academia.edu/B%C3%BC%C5%9FraKuru","891"
"http://vit.academia.edu/TejaChunduru","25"
"http://independent.academia.edu/daniellemariani","675"
"https://independent.academia.edu/BharathBabu3","482"
"https://independent.academia.edu/SrinivasaRaoGampa","308"
"http://independent.academia.edu/kranthisai","61"
"https://independent.academia.edu/SharanyaMukhopadhyay","761"
"https://independent.academia.edu/RuthvikPriyatham","358"
"https://vit.academia.edu/RuchirPatwa","690"
"https://independent.academia.edu/SriVenkatPoolla","924"
"https://independent.academia.edu/RoopaLahariKalluri","402"
"http://iitr.academia.edu/MahadevuniAmarnath","128"
"http://nanyang.academia.edu/KuantakTan","240"
"https://independent.academia.edu/GuidoLang","802"
"http://independent.academia.edu/AvanthiRaghavendraMaharaj","659"
"http://independent.academia.edu/EswaraVeeraBhadraTummala","460"
"https://independent.academia.edu/LovishMittal","773"
"http://independent.academia.edu/MudeNaik","111"
"http://vit.academia.edu/SohilHabib","816"
"https://gitam.academia.edu/AlekhyaVakulabharanam","484"
"http://vit.academia.edu/Pankajkeshri","975"
"http://vit.academia.edu/BharathiArun","30"
"https://iimidr.academia.edu/ChinmayNahar","213"
"http://gitam.academia.edu/HemanthaPendyala","443"
"http://gitam.academia.edu/MeghanaDevulapalli","439"
"https://independent.academia.edu/NeeroshaSingh","179"
"http://iitgn.academia.edu/AmitAsher","811"
"https://vit.academia.edu/SaikiranChandha","947"
"http://independent.academia.edu/FrancoChristian","898"
"http://independent.academia.edu/AneesM","353"
"https://vit.academia.edu/BalaPrasanth","992"
"http://iitm.academia.edu/PrashanthDavid","230"
"http://bitmesra.academia.edu/AnandGautam","546"
"http://bitmesra.academia.edu/AyushDinker","630"
"http://independent.academia.edu/JagadeeshGudla","268"
"http://independent.academia.edu/JyotiYadav5","858"
"https://vit.academia.edu/MadhuSudhan","986"
"http://independent.academia.edu/IJSPTMJournal","821"
"http://independent.academia.edu/AdityaSarathy","844"
"https://independent.academia.edu/NikhilVuppeay","437"
"https://independent.academia.edu/RahulShrivastava17","478"
"https://independent.academia.edu/KartikNemani","764"
"https://iitkgp.academia.edu/NibeditaDutta","711"
"https://independent.academia.edu/GokulSrikanth","506"
"https://vit.academia.edu/AswinChandrasekharan","921"
"http://independent.academia.edu/jameelahmed20","662"
"http://theinstituteofengineeringeducation.academia.edu/TIOEE","531"
"http://independent.academia.edu/RadhaKrishna41","86"
"http://amrita.academia.edu/KrishnaChaitanyaNidumolu","247"
"http://independent.academia.edu/CaijJournal","805"
"https://iitkgp.academia.edu/IswaryaRam","173"
"http://independent.academia.edu/CrosshatRava","115"
"http://cmu.academia.edu/EshithaHk","861"
"https://utdallas.academia.edu/RohitCh","933"
"https://independent.academia.edu/VarshaSingh23","759"
"https://vit.academia.edu/VineetJeswani","779"
"http://independent.academia.edu/PunitNema","158"
"https://independent.academia.edu/SantoshGurijala","462"
"https://ernrt.academia.edu/AnoopSubramanian","812"
"http://independent.academia.edu/JaydeepBagrecha","868"
"https://independent.academia.edu/KarunNuthalapati","507"
"http://independent.academia.edu/RavikiranDevarakonda","95"
"https://iimu.academia.edu/PrateekShukla","215"
"http://manchester.academia.edu/KarishmaShakeel","877"
"http://independent.academia.edu/ShwethaDurgashankar","869"
"http://independent.academia.edu/MeghanaRachamreddy","998"
"https://independent.academia.edu/KhushbooTalanje","181"
"https://vit.academia.edu/SujithSam","683"
"https://vit.academia.edu/AmithYerukola","974"
"https://wbut.academia.edu/ShounakDevbhuti","717"
"https://independent.academia.edu/SharukhKhan15","411"
"http://independent.academia.edu/PandeyRitesh","141"
"https://independent.academia.edu/AbhijeetAryan","227"
"http://vit.academia.edu/AdityaGupta","752"
"http://bitmesra.academia.edu/GulshanKumarDhurve","545"
"http://srbiau.academia.edu/HassanHamdast","631"
"http://amrita.academia.edu/konda989","257"
"https://vit.academia.edu/RohitRao","944"
"http://fullerton.academia.edu/JigarMehta","853"
"http://independent.academia.edu/LyricDubey","896"
"https://independent.academia.edu/SiddanathiPraveen","515"
"http://gre.academia.edu/SivazNkmurthy","865"
"http://nitw.academia.edu/VaibhavAwachat","525"
"https://independent.academia.edu/LChaturika","574"
"http://andimei.academia.edu/behnamdalvand","209"
"https://iipm.academia.edu/ResuReddy","776"
"https://independent.academia.edu/ArjunKapur","754"
"http://cmu.academia.edu/ShuaiWang","888"
"https://independent.academia.edu/GSingh6","788"
"https://ltu-se.academia.edu/SanjaySrikanthNekkanti","297"
"https://vit.academia.edu/HarshLal","719"
"http://independent.academia.edu/akhiltadala","463"
"https://gitam.academia.edu/NukalaSaiRajMahesh","436"
"http://vnit.academia.edu/sachinadusumilli","299"
"http://bitmesra.academia.edu/VmithleshKumar","613"
"https://independent.academia.edu/dedeepyapillala","418"
"http://segii.academia.edu/RezaUlfian","699"
"http://iimcal.academia.edu/RidhiAgarwal","287"
"https://vit.academia.edu/SaqibRashid","1012"
"https://independent.academia.edu/BharathKalyan","1020"
"http://independent.academia.edu/GVenkataNageshKumar","76"
"http://annauniv.academia.edu/YellinaSwathi","38"
"https://usc.academia.edu/RohitKondekar","176"
"https://icai.academia.edu/DeepthiChowdary","521"
"http://independent.academia.edu/ANIKETHKAMATH","636"
"http://bitmesra.academia.edu/ajayvarma","551"
"https://independent.academia.edu/SinghMohit","766"
"https://vit.academia.edu/LOGESHSRINIVASAN","742"
"http://vit.academia.edu/DileeshAluri","28"
"http://hashemite.academia.edu/IbrahimDoujan","572"
"http://asu.academia.edu/AkarshCholaveti","2"
"https://independent.academia.edu/DharanSashi","778"
"http://bits-pilani.academia.edu/SnMounika","393"
"http://independent.academia.edu/FredericLabbeChapuis","645"
"https://independent.academia.edu/ManikandanSivaramakrishnan","309"
"https://vit.academia.edu/PradeepKumarS","920"
"http://independent.academia.edu/PritamPratihari","108"
"https://independent.academia.edu/SudheerChowdari","480"
"http://independent.academia.edu/DiWang2","899"
"http://independent.academia.edu/NarasimhaPulagara","65"
"http://independent.academia.edu/SarkarAmit","151"
"https://independent.academia.edu/ShreyasPanambur","702"
"https://independent.academia.edu/MandalSupriyo","224"
"https://independent.academia.edu/RashiGarg4","1003"
"https://independent.academia.edu/AnkitBarik","693"
"http://independent.academia.edu/BhanuPrasad30","781"
"https://independent.academia.edu/PreetiSingh60","384"
"https://gitam.academia.edu/SandeepNanduri","372"
"https://independent.academia.edu/SLSrikanth","432"
"http://independent.academia.edu/DaljitSingh5","101"
"http://independent.academia.edu/RavikantPankaj","889"
"https://iitd.academia.edu/AnshulSharma","707"
"http://independent.academia.edu/KamparajuSkandhaSaiVarma","635"
"https://independent.academia.edu/KunduSoumitra","725"
"https://independent.academia.edu/VagdeviChowdary","526"
"http://kluniversity.academia.edu/BvSatish","323"
"http://independent.academia.edu/SinghMohit","41"
"https://iitd.academia.edu/AnoopKumarAgarwal","354"
"https://iitd.academia.edu/BodhibrataMukhopadhyay","726"
"http://independent.academia.edu/ChintaAnudeep","34"
"http://vit.academia.edu/AswinChandrasekharan","804"
"https://independent.academia.edu/ManojRavi","1010"
"http://vellore.academia.edu/BharathIlaya","980"
"http://scu.academia.edu/PragneshVajram","157"
"http://iitm.academia.edu/VENKATARAVIKISHOREKANAMARLAPUDI","9"
"https://independent.academia.edu/VinodKumarChowdaryAlluri","364"
"https://independent.academia.edu/SaptarshiBasu4","210"
"http://bitmesra.academia.edu/AnirbanChakraborty","552"
"http://auttvl.academia.edu/DhineshPanneer","556"
"http://wwwgatech.academia.edu/ParthDesai","857"
"http://iitk.academia.edu/MohitGupta","110"
"http://independent.academia.edu/UzmaNisar","878"
"https://vit.academia.edu/AnkitaBihani","930"
"https://independent.academia.edu/HemantSahal","925"
"http://independent.academia.edu/MukeshBarnwal","663"
"https://independent.academia.edu/SuryawanshiSumit","187"
"http://independent.academia.edu/SowjanyaKamisetti","634"
"http://nagpuruniversity.academia.edu/SNEHALNARKHEDE","762"
"http://independent.academia.edu/SachinVashistha","237"
"http://independent.academia.edu/VivekYerubandi","958"
"http://iitm.academia.edu/AseemSharma","234"
"https://vit.academia.edu/AdityaThoomati","691"
"https://independent.academia.edu/ChahatAhuja","923"
"http://independent.academia.edu/ShashankReddy1","36"
"http://kud.academia.edu/dennismiller","135"
"http://vit.academia.edu/SaravanaK","87"
"http://bitmesra.academia.edu/PranayVimal","544"
"https://vit.academia.edu/akshithkandakatla","749"
"http://virginiainternational.academia.edu/HarshaVardhanReddy","39"
"https://gitam.academia.edu/TarakaRamaRaviTeja","501"
"http://independent.academia.edu/lowkyachaturika","624"
"https://gitam.academia.edu/MalleshwaraPrasad","365"
"https://independent.academia.edu/VaibhavSinha","720"
"http://independent.academia.edu/AllenPrasad","185"
"http://independent.academia.edu/MaheshReddy27","371"
"http://vit.academia.edu/DheerajRajagopal","835"
"https://independent.academia.edu/AghrayaniChakroborty","801"
"http://greatlakes.academia.edu/SubhankarMishra","136"
"https://independent.academia.edu/AbhiramSridhara","369"
"https://independent.academia.edu/PurushothamBalireddi","519"
"http://independent.academia.edu/AvinashVarma3","220"
"https://osmania.academia.edu/RamanaKandanulu","465"
"https://independent.academia.edu/AyushAgarwal35","942"
"http://independent.academia.edu/PandeyNitesh","399"
"http://independent.academia.edu/ApurvaRathi","724"
"https://independent.academia.edu/AvinashSingh96","701"
"https://independent.academia.edu/CLPatelPatel","198"
"https://independent.academia.edu/DeepanshuDhingra","978"
"http://vit.academia.edu/ShobhitVerma","934"
"http://ictmumbai.academia.edu/ABHISHEKANAND","715"
"http://an-in.academia.edu/MayankGuptai","216"
"https://independent.academia.edu/SitanshuSatpathy","756"
"https://independent.academia.edu/HarikrishnanNair5","768"
"http://nist-odisha.academia.edu/SatyaSopanMahato","685"
"https://viaforensics.academia.edu/HKumra","322"
"https://independent.academia.edu/MaheshAkhil","336"
"https://becs.academia.edu/KritikaSha","696"
"http://bitmesra.academia.edu/MDMANZARIMAM","571"
"https://independent.academia.edu/PvvskChandra","442"
"https://gitam.academia.edu/SrujanaKalluru","335"
"http://independent.academia.edu/ChenShuaixun","235"
"http://jntucep.academia.edu/VivekanandaGN","883"
"http://vit.academia.edu/AbhishekBhardwaj","808"
"http://uci.academia.edu/SwathiPulligilla","261"
"https://independent.academia.edu/TummalapalliYateendra","403"
"http://independent.academia.edu/SunilReddy13","53"
"http://vit.academia.edu/KaranDesai","849"
"https://rgpv.academia.edu/AwadheshDixit","1025"
"http://independent.academia.edu/KbvSubrahmanyam","474"
"http://vit.academia.edu/harendrapratapsingh","795"
"https://independent.academia.edu/PvAnirudh","409"
"http://geu.academia.edu/ArpitDwivedi","589"
"http://colostate.academia.edu/VilasiniShrinivasan","832"
"http://amrita.academia.edu/SandeepBoyina","258"
"http://gitam.academia.edu/Talasila","14"
"http://nrc.academia.edu/MohammedSaberGad","633"
"http://independent.academia.edu/ronaldmartinn","666"
"https://independent.academia.edu/VikasNerella","376"
"http://karunya.academia.edu/VijithManamadathil","881"
"http://independent.academia.edu/ChaitanyaMotla","43"
"https://independent.academia.edu/AkhileshArnepalli","415"
"http://independent.academia.edu/IntuitionHazarika","92"
"http://bitmesra.academia.edu/SHIKHASINHA","562"
"https://hydrabadu.academia.edu/JalendarCh","196"
"https://independent.academia.edu/KawserShovon","769"
"https://vit.academia.edu/ShashankSrivastava","731"
"http://independent.academia.edu/BennyBen","387"
"http://independent.academia.edu/PantSaumya","872"
"https://independent.academia.edu/EllaFry","796"
"https://independent.academia.edu/ShrimantChakrabarti","355"
"https://niu.academia.edu/MuraliSriram","448"
"http://just.academia.edu/NasimAlAmoush","616"
"http://independent.academia.edu/DiwakarChikkala","52"
"https://independent.academia.edu/JeremySony","733"
"https://univ-catholille.academia.edu/AlokPrakash","918"
"https://cept.academia.edu/NeelakshiRathore","165"
"https://independent.academia.edu/ArchitGupta","945"
"https://gitam.academia.edu/DrBallaSrinivasaPrasad","342"
"http://amity.academia.edu/NanduJith","104"
"http://vit.academia.edu/AnshulJain","1016"
"http://bitmesra.academia.edu/MatthewKuruvilla","542"
"http://independent.academia.edu/BhanuKiran4","498"
"http://bamelbourne.academia.edu/MankiratSingh","855"
"https://independent.academia.edu/CharanThej","188"
"http://asu.academia.edu/AniketBharati","837"
"http://independent.academia.edu/KavuriSairam","483"
"https://ncsu.academia.edu/HariPrasad","186"
"https://marshall.academia.edu/rajeshkodali","1005"
"https://nitt.academia.edu/VarunMe","218"
"https://vellore.academia.edu/SnehPrateek","771"
"http://bitmesra.academia.edu/AbhishekSharma","540"
"https://independent.academia.edu/AashishJain6","787"
"http://independent.academia.edu/ChandraMacha","592"
"http://independent.academia.edu/MeijJournal","539"
"https://iitg-in.academia.edu/satyakumarvankayala","265"
"http://independent.academia.edu/jakkamgirish","588"
"https://independent.academia.edu/BidishaKalita","310"
"http://independent.academia.edu/baruna","915"
"https://warwick.academia.edu/AbhinandanBalasubramanian","700"
"https://wvu.academia.edu/SantoshReddy","219"
"http://utcluj.academia.edu/MarianApopei","850"
"https://independent.academia.edu/IpsitaGochhayat","718"
"http://independent.academia.edu/MuhammadAzhar26","91"
"http://independent.academia.edu/AciiJournal","169"
"http://independent.academia.edu/VICHITHRAREDDY","906"
"http://independent.academia.edu/AvishekMajumdar","710"
"http://nitw.academia.edu/bhargavyekkala","598"
"https://independent.academia.edu/RachanaPottem","1007"
"http://gitam.academia.edu/SandeepGonti","361"
"http://independent.academia.edu/UtkarshBhutani","698"
"https://vit.academia.edu/sandeeprajadangeti","763"
"http://amity.academia.edu/NayanAgrawal","113"
"https://vit.academia.edu/SampathKumar","404"
"https://independent.academia.edu/ShaneGottada","517"
"http://independent.academia.edu/GauravAgrawal","780"
"http://independent.academia.edu/SandeepParupudi","366"
"https://independent.academia.edu/RoshanSharma23","786"
"http://bitmesra.academia.edu/AvinashDas","533"
"//jnu.academia.edu/SheikhFAhmad","343"
"http://ggsipu.academia.edu/VarunChaturvedi","146"
"http://independent.academia.edu/VishnukanthBusetty","26"
"http://independent.academia.edu/NikitaRana","149"
"http://independent.academia.edu/MarioAcosta","549"
"http://independent.academia.edu/BuddharajuVenkataMouli","99"
"http://independent.academia.edu/PriyaBhee","190"
"http://independent.academia.edu/PrudhviGurram","417"
"https://umn-d.academia.edu/VidyaAttivilli","485"
"http://cuny.academia.edu/AnamikaDasgupta","596"
"https://independent.academia.edu/MadhuMast","1011"
"http://independent.academia.edu/BadriNath","55"
"https://independent.academia.edu/RakeshKonda","493"
"http://ansu-edu.academia.edu/IfeanyichukwuUOnyenanu","553"
"http://independent.academia.edu/SindhuAtluri","1027"
"https://independent.academia.edu/SarathChandraMandapati","511"
"https://independent.academia.edu/JalajGarg","753"
"https://gitam.academia.edu/RaghuPappala","458"
"http://kanchiuniv.academia.edu/KrishnaKamalKitti","130"
"http://vit.academia.edu/RajeevRaj","793"
"https://iitkgp.academia.edu/DivyaChoudhary","170"
"https://independent.academia.edu/RaviVarma11","469"
"https://independent.academia.edu/VivekAnchalia","997"
"https://illinois.academia.edu/ThulasiRamKhamma","591"
"http://grenoble-em.academia.edu/AneakPrashasth","414"
"http://lpu.academia.edu/RishiSoni","74"
"http://independent.academia.edu/vikassingh86","674"
